year,week,Y0T4,Y5T9,Y10T14,Y15T19,Y20T24,Y25T29,Y30T34,Y35T39,Y40T44,Y45T49
2015,1,89,90,132,212,306,403
2015,2,77,124,147,195,284,488
2015,3,98,111,150,225,338,418
2015,4,81,114,145,214,302,454
2015,5,89,124,159,219,326,480
2015,6,91,144,170,251,318,515
2015,7,90,117,152,292,386,557
2015,8,96,125,178,256,360,558
2015,9,101,123,168,268,352,537
2015,10,79,111,154,268,311,455
2015,11,92,118,177,247,310,434
2015,12,83,109,132,229,285,414
2015,13,78,112,139,181,259,360
2015,14,68,117,140,206,244,343
2015,15,78,97,131,194,250,321
2015,16,89,115,130,190,259,338
2015,17,86,104,120,184,241,323
2015,18,91,111,137,203,251,331
2015,19,64,92,123,183,225,304
2015,20,80,100,125,161,217,291
2015,21,76,87,124,162,230,286
2015,22,77,96,116,157,195,289
2015,23,73,104,134,185,223,291
2015,24,81,116,125,170,221,288
2015,25,76,72,131,176,205,278
2015,26,82,107,122,153,250,288
2015,27,91,113,149,198,249,318
2015,28,87,115,144,224,244,367
2015,29,89,109,129,199,250,316
2015,30,72,122,126,164,235,300
2015,31,75,83,114,177,237,286
2015,32,66,98,125,189,233,319
2015,33,72,91,125,212,236,292
2015,34,74,95,145,209,217,243
2015,35,79,99,148,196,212,266
2015,36,71,101,125,178,249,266
2015,37,74,105,143,196,211,276
2015,38,76,109,120,183,237,234
2015,39,83,103,126,201,226,300
2015,40,71,109,126,194,229,315
2015,41,66,111,146,186,235,264
2015,42,75,113,135,185,239,302
2015,43,73,102,133,183,238,305
2015,44,88,111,131,216,259,301
2015,45,75,99,130,195,219,281
2015,46,85,111,123,184,229,289
2015,47,59,104,123,196,271,322
2015,48,83,122,130,204,236,317
2015,49,76,117,141,217,258,313
2015,50,87,99,159,187,229,295
2015,51,74,110,141,196,221,294
2015,52,83,116,137,196,285,298
2015,53,81,118,140,199,275,341
year,week,Y0T4,Y5T9,Y10T14,Y15T19,Y20T24,Y25T29,Y30T34,Y35T39,Y40T44,Y45T49
2016,1,90,119,112,192,273,384
2016,2,72,104,125,204,249,355
2016,3,70,112,128,221,281,334
2016,4,79,103,134,216,241,389
2016,5,77,101,116,220,259,394
2016,6,69,134,121,227,247,365
2016,7,74,104,124,196,261,380
2016,8,91,126,149,213,271,348
2016,9,72,115,140,199,258,369
2016,10,103,113,138,205,247,368
2016,11,87,110,132,198,259,332
2016,12,76,104,130,189,250,368
2016,13,74,82,130,228,251,343
2016,14,76,108,105,173,277,367
2016,15,66,112,134,183,228,344
2016,16,86,97,113,172,218,290
2016,17,73,94,147,181,228,304
2016,18,73,103,129,172,247,279
2016,19,74,105,106,165,224,303
2016,20,70,107,108,169,240,328
2016,21,76,112,136,187,256,316
2016,22,72,102,117,190,247,279
2016,23,71,100,111,166,219,279
2016,24,85,103,120,181,212,240
2016,25,93,97,138,204,232,311
2016,26,72,109,119,172,245,288
2016,27,65,95,115,180,243,240
2016,28,75,85,127,174,245,292
2016,29,77,105,138,217,239,292
2016,30,65,122,104,177,255,293
2016,31,73,90,111,171,207,271
2016,32,65,98,125,170,230,278
2016,33,74,95,117,197,249,284
2016,34,63,105,111,222,228,260
2016,35,64,84,128,171,218,300
2016,36,56,108,116,193,239,286
2016,37,75,91,118,176,233,265
2016,38,78,120,125,168,208,309
2016,39,85,110,134,178,240,293
2016,40,75,104,128,205,261,323
2016,41,86,108,132,207,226,334
2016,42,77,110,137,190,237,361
2016,43,76,98,147,197,251,292
2016,44,71,109,143,206,272,333
2016,45,69,99,140,207,297,302
2016,46,75,124,119,231,271,364
2016,47,80,92,127,168,276,315
2016,48,82,131,147,226,243,322
2016,49,82,117,156,192,241,346
2016,50,86,113,142,206,239,348
2016,51,85,107,170,217,272,402
2016,52,91,133,172,229,350,442
2016,53,0,0,0,0,0,0
year,week,Y0T4,Y5T9,Y10T14,Y15T19,Y20T24,Y25T29,Y30T34,Y35T39,Y40T44,Y45T49
2017,1,83,123,158,231,365,557
2017,2,86,112,159,264,387,553
2017,3,93,141,158,251,357,576
2017,4,83,128,153,253,352,521
2017,5,89,99,151,228,321,502
2017,6,87,109,157,237,336,502
2017,7,82,114,148,227,284,387
2017,8,71,119,145,195,265,420
2017,9,79,115,138,208,286,399
2017,10,80,103,124,196,292,364
2017,11,90,108,147,189,219,346
2017,12,63,95,120,200,251,344
2017,13,73,99,139,167,235,307
2017,14,72,108,140,192,243,314
2017,15,80,91,130,176,259,302
2017,16,66,115,129,184,227,300
2017,17,71,119,126,208,209,339
2017,18,72,109,143,181,240,305
2017,19,76,111,117,181,245,309
2017,20,63,104,130,170,254,322
2017,21,70,98,137,191,229,298
2017,22,76,115,126,174,202,279
2017,23,74,98,113,156,204,295
2017,24,82,102,124,162,222,283
2017,25,69,95,158,158,244,320
2017,26,70,99,127,185,215,302
2017,27,79,111,119,177,227,297
2017,28,72,117,127,149,218,254
2017,29,73,101,123,186,199,301
2017,30,71,103,116,169,243,262
2017,31,74,84,128,196,263,282
2017,32,55,98,135,158,220,290
2017,33,68,100,131,174,227,286
2017,34,58,103,112,198,234,294
2017,35,74,100,126,173,224,295
2017,36,77,109,122,169,214,283
2017,37,74,105,127,198,223,282
2017,38,54,94,158,211,230,333
2017,39,78,113,129,188,230,338
2017,40,80,111,136,194,259,342
2017,41,74,95,136,186,268,340
2017,42,57,89,150,186,253,300
2017,43,71,122,129,183,227,329
2017,44,64,113,105,182,227,284
2017,45,66,92,154,176,268,351
2017,46,89,96,125,193,255,310
2017,47,61,120,170,206,276,321
2017,48,84,101,183,215,268,348
2017,49,97,115,162,226,295,321
2017,50,77,116,156,213,298,328
2017,51,87,146,146,246,298,365
2017,52,61,121,146,194,291,381
2017,53,0,0,0,0,0,0
year,week,Y0T4,Y5T9,Y10T14,Y15T19,Y20T24,Y25T29,Y30T34,Y35T39,Y40T44,Y45T49
2018,1,63,115,149,235,327,496
2018,2,69,116,154,247,307,481
2018,3,83,121,155,216,298,450
2018,4,73,114,142,226,232,425
2018,5,63,117,141,200,297,430
2018,6,80,119,157,200,282,415
2018,7,106,110,154,211,277,421
2018,8,79,115,156,240,265,441
2018,9,85,133,165,228,328,491
2018,10,91,110,140,211,318,469
2018,11,73,122,157,214,300,449
2018,12,79,134,144,210,275,385
2018,13,82,100,164,202,258,374
2018,14,76,92,159,205,279,364
2018,15,73,95,137,210,260,361
2018,16,66,125,137,178,221,322
2018,17,59,107,140,166,224,290
2018,18,84,99,149,169,224,353
2018,19,92,97,102,180,240,331
2018,20,70,98,122,181,194,286
2018,21,56,86,130,183,262,337
2018,22,74,111,131,185,226,282
2018,23,71,96,146,177,214,302
2018,24,58,103,151,174,218,272
2018,25,63,102,139,158,214,282
2018,26,57,105,135,192,201,339
2018,27,71,100,111,180,232,295
2018,28,70,103,114,152,224,265
2018,29,86,90,133,171,258,321
2018,30,81,99,136,191,236,303
2018,31,69,110,146,178,247,323
2018,32,77,103,159,171,231,328
2018,33,81,94,134,180,235,297
2018,34,71,115,111,169,232,297
2018,35,67,117,158,172,237,290
2018,36,60,111,130,169,247,282
2018,37,76,112,124,181,250,328
2018,38,60,99,106,188,232,315
2018,39,72,114,131,193,226,303
2018,40,76,100,128,189,263,294
2018,41,90,85,132,188,238,326
2018,42,67,105,129,207,271,279
2018,43,66,98,154,204,265,307
2018,44,71,125,144,193,260,327
2018,45,82,105,142,188,260,316
2018,46,76,105,134,187,239,314
2018,47,74,100,144,196,256,345
2018,48,71,110,150,221,242,342
2018,49,85,103,160,195,278,367
2018,50,89,121,137,186,296,357
2018,51,62,99,132,230,272,346
2018,52,63,119,167,206,271,362
2018,53,0,0,0,0,0,0
year,week,Y0T4,Y5T9,Y10T14,Y15T19,Y20T24,Y25T29,Y30T34,Y35T39,Y40T44,Y45T49
2019,1,67,97,153,209,272,395
2019,2,75,117,150,191,257,429
2019,3,73,109,142,190,253,428
2019,4,87,98,142,214,258,438
2019,5,82,120,158,207,262,451
2019,6,106,114,160,208,309,432
2019,7,86,124,176,240,320,438
2019,8,95,119,164,217,309,476
2019,9,77,120,151,211,317,481
2019,10,82,113,159,203,289,441
2019,11,76,106,140,205,285,420
2019,12,73,115,152,188,274,375
2019,13,63,121,143,206,261,352
2019,14,68,132,150,217,267,381
2019,15,60,116,141,202,215,352
2019,16,71,100,145,205,262,357
2019,17,72,98,145,189,257,330
2019,18,81,110,133,208,233,353
2019,19,76,112,142,167,234,345
2019,20,74,104,128,191,249,313
2019,21,66,89,139,177,272,355
2019,22,84,123,149,177,233,326
2019,23,70,103,151,193,254,332
2019,24,58,98,147,172,239,286
2019,25,68,117,123,170,232,321
2019,26,76,114,142,183,236,333
2019,27,56,99,158,194,237,342
2019,28,68,116,131,202,227,320
2019,29,65,103,138,166,225,346
2019,30,75,125,142,199,242,335
2019,31,65,100,121,166,206,330
2019,32,67,95,110,160,231,315
2019,33,65,92,134,178,250,282
2019,34,69,102,159,178,248,327
2019,35,83,114,121,184,221,291
2019,36,59,119,153,155,228,314
2019,37,81,114,137,202,243,311
2019,38,66,133,137,176,267,336
2019,39,57,107,139,181,241,348
2019,40,73,109,147,190,241,310
2019,41,58,123,156,202,229,330
2019,42,67,99,146,192,262,354
2019,43,80,119,129,199,261,359
2019,44,75,114,135,210,242,291
2019,45,73,115,155,196,241,349
2019,46,83,126,162,221,249,363
2019,47,64,128,130,188,313,350
2019,48,57,125,162,209,288,365
2019,49,68,114,146,172,250,325
2019,50,86,129,142,210,286,350
2019,51,65,128,169,208,267,381
2019,52,78,113,150,205,282,344
2019,53,0,0,0,0,0,0
year,week,Y0T4,Y5T9,Y10T14,Y15T19,Y20T24,Y25T29,Y30T34,Y35T39,Y40T44,Y45T49
2020,1,78,104,147,183,252,404
2020,2,63,118,159,185,269,414
2020,3,79,106,137,194,273,449
2020,4,81,136,160,183,279,413
2020,5,82,106,170,199,290,421
2020,6,92,124,168,198,265,378
2020,7,66,112,154,207,266,414
2020,8,72,101,143,197,283,393
2020,9,70,104,134,197,284,395
2020,10,73,101,158,193,262,410
2020,11,67,114,167,210,280,404
2020,12,79,122,185,251,281,442
2020,13,83,145,192,228,313,481
2020,14,109,139,190,294,392,582
2020,15,70,141,183,245,350,490
2020,16,83,125,165,240,321,468
2020,17,60,116,135,201,283,395
2020,18,67,95,125,177,260,398
2020,19,63,110,137,151,243,314
2020,20,53,97,137,171,207,319
2020,21,66,103,132,165,245,329
2020,22,59,89,125,150,214,309
2020,23,57,102,140,149,242,327
2020,24,80,96,143,177,219,286
2020,25,62,102,133,157,225,309
2020,26,64,113,136,181,228,292
2020,27,67,101,142,174,240,289
2020,28,59,98,155,175,203,323
2020,29,58,83,121,190,206,317
2020,30,63,86,133,177,226,301
2020,31,57,104,133,182,273,343
2020,32,58,104,149,175,203,321
2020,33,48,93,142,205,245,331
2020,34,65,99,150,179,234,341
2020,35,69,114,133,166,222,323
2020,36,66,108,129,169,241,291
2020,37,80,106,140,190,259,323
2020,38,70,102,152,194,263,329
2020,39,77,100,129,198,263,306
2020,40,83,116,143,182,234,324
2020,41,68,107,152,202,253,363
2020,42,47,112,159,174,282,378
2020,43,71,125,163,211,317,422
2020,44,91,118,209,242,373,496
2020,45,111,132,255,314,468,595
2020,46,92,168,248,332,500,612
2020,47,92,165,246,368,498,625
2020,48,104,186,243,354,476,588
2020,49,108,159,231,330,505,656
2020,50,97,153,252,375,477,646
2020,51,104,157,257,332,512,649
2020,52,81,198,234,352,475,611
2020,53,87,138,217,314,433,611
year,week,Y0T4,Y5T9,Y10T14,Y15T19,Y20T24,Y25T29,Y30T34,Y35T39,Y40T44,Y45T49
2021,1,83,138,216,281,384,625
2021,2,93,120,200,261,382,532
2021,3,87,98,190,249,379,579
2021,4,77,119,201,239,310,484
2021,5,87,117,150,201,280,428
2021,6,85,92,168,209,255,419
2021,7,75,92,168,192,246,388
2021,8,78,112,151,189,246,377
2021,9,69,100,153,172,245,373
2021,10,64,133,157,189,251,335
2021,11,76,116,127,177,241,328
2021,12,62,92,165,172,235,381
2021,13,72,107,151,173,244,338
2021,14,80,106,132,193,233,341
2021,15,83,94,155,167,228,353
2021,16,70,113,166,169,230,319
2021,17,75,95,156,192,244,334
2021,18,64,101,167,177,216,302
2021,19,63,100,158,182,211,354
2021,20,64,111,141,171,213,314
2021,21,86,94,135,158,239,310
2021,22,75,112,128,179,227,324
2021,23,42,112,144,149,174,303
2021,24,62,114,136,173,221,318
2021,25,54,103,146,167,191,318
2021,26,63,96,130,163,229,311
2021,27,76,89,130,156,231,293
2021,28,72,107,129,153,212,307
2021,29,62,106,141,171,218,308
2021,30,69,87,120,144,231,281
2021,31,0,0,0,0,0,0
2021,32,0,0,0,0,0,0
2021,33,0,0,0,0,0,0
2021,34,0,0,0,0,0,0
2021,35,0,0,0,0,0,0
2021,36,0,0,0,0,0,0
2021,37,0,0,0,0,0,0
2021,38,0,0,0,0,0,0
2021,39,0,0,0,0,0,0
2021,40,0,0,0,0,0,0
2021,41,0,0,0,0,0,0
2021,42,0,0,0,0,0,0
2021,43,0,0,0,0,0,0
2021,44,0,0,0,0,0,0
2021,45,0,0,0,0,0,0
2021,46,0,0,0,0,0,0
2021,47,0,0,0,0,0,0
2021,48,0,0,0,0,0,0
2021,49,0,0,0,0,0,0
2021,50,0,0,0,0,0,0
2021,51,0,0,0,0,0,0
2021,52,0,0,0,0,0,0
2021,53,0,0,0,0,0,0
year,week,Y0T4,Y5T9,Y10T14,Y15T19,Y20T24,Y25T29,Y30T34,Y35T39,Y40T44,Y45T49
2015,1,89,90,132,212,306,403
2015,2,77,124,147,195,284,488
2015,3,98,111,150,225,338,418
2015,4,81,114,145,214,302,454
2015,5,89,124,159,219,326,480
2015,6,91,144,170,251,318,515
2015,7,90,117,152,292,386,557
2015,8,96,125,178,256,360,558
2015,9,101,123,168,268,352,537
2015,10,79,111,154,268,311,455
2015,11,92,118,177,247,310,434
2015,12,83,109,132,229,285,414
2015,13,78,112,139,181,259,360
2015,14,68,117,140,206,244,343
2015,15,78,97,131,194,250,321
2015,16,89,115,130,190,259,338
2015,17,86,104,120,184,241,323
2015,18,91,111,137,203,251,331
2015,19,64,92,123,183,225,304
2015,20,80,100,125,161,217,291
2015,21,76,87,124,162,230,286
2015,22,77,96,116,157,195,289
2015,23,73,104,134,185,223,291
2015,24,81,116,125,170,221,288
2015,25,76,72,131,176,205,278
2015,26,82,107,122,153,250,288
2015,27,91,113,149,198,249,318
2015,28,87,115,144,224,244,367
2015,29,89,109,129,199,250,316
2015,30,72,122,126,164,235,300
2015,31,75,83,114,177,237,286
2015,32,66,98,125,189,233,319
2015,33,72,91,125,212,236,292
2015,34,74,95,145,209,217,243
2015,35,79,99,148,196,212,266
2015,36,71,101,125,178,249,266
2015,37,74,105,143,196,211,276
2015,38,76,109,120,183,237,234
2015,39,83,103,126,201,226,300
2015,40,71,109,126,194,229,315
2015,41,66,111,146,186,235,264
2015,42,75,113,135,185,239,302
2015,43,73,102,133,183,238,305
2015,44,88,111,131,216,259,301
2015,45,75,99,130,195,219,281
2015,46,85,111,123,184,229,289
2015,47,59,104,123,196,271,322
2015,48,83,122,130,204,236,317
2015,49,76,117,141,217,258,313
2015,50,87,99,159,187,229,295
2015,51,74,110,141,196,221,294
2015,52,83,116,137,196,285,298
2015,53,81,118,140,199,275,341
year,week,Y0T4,Y5T9,Y10T14,Y15T19,Y20T24,Y25T29,Y30T34,Y35T39,Y40T44,Y45T49
2016,1,90,119,112,192,273,384
2016,2,72,104,125,204,249,355
2016,3,70,112,128,221,281,334
2016,4,79,103,134,216,241,389
2016,5,77,101,116,220,259,394
2016,6,69,134,121,227,247,365
2016,7,74,104,124,196,261,380
2016,8,91,126,149,213,271,348
2016,9,72,115,140,199,258,369
2016,10,103,113,138,205,247,368
2016,11,87,110,132,198,259,332
2016,12,76,104,130,189,250,368
2016,13,74,82,130,228,251,343
2016,14,76,108,105,173,277,367
2016,15,66,112,134,183,228,344
2016,16,86,97,113,172,218,290
2016,17,73,94,147,181,228,304
2016,18,73,103,129,172,247,279
2016,19,74,105,106,165,224,303
2016,20,70,107,108,169,240,328
2016,21,76,112,136,187,256,316
2016,22,72,102,117,190,247,279
2016,23,71,100,111,166,219,279
2016,24,85,103,120,181,212,240
2016,25,93,97,138,204,232,311
2016,26,72,109,119,172,245,288
2016,27,65,95,115,180,243,240
2016,28,75,85,127,174,245,292
2016,29,77,105,138,217,239,292
2016,30,65,122,104,177,255,293
2016,31,73,90,111,171,207,271
2016,32,65,98,125,170,230,278
2016,33,74,95,117,197,249,284
2016,34,63,105,111,222,228,260
2016,35,64,84,128,171,218,300
2016,36,56,108,116,193,239,286
2016,37,75,91,118,176,233,265
2016,38,78,120,125,168,208,309
2016,39,85,110,134,178,240,293
2016,40,75,104,128,205,261,323
2016,41,86,108,132,207,226,334
2016,42,77,110,137,190,237,361
2016,43,76,98,147,197,251,292
2016,44,71,109,143,206,272,333
2016,45,69,99,140,207,297,302
2016,46,75,124,119,231,271,364
2016,47,80,92,127,168,276,315
2016,48,82,131,147,226,243,322
2016,49,82,117,156,192,241,346
2016,50,86,113,142,206,239,348
2016,51,85,107,170,217,272,402
2016,52,91,133,172,229,350,442
2016,53,0,0,0,0,0,0
year,week,Y0T4,Y5T9,Y10T14,Y15T19,Y20T24,Y25T29,Y30T34,Y35T39,Y40T44,Y45T49
2017,1,83,123,158,231,365,557
2017,2,86,112,159,264,387,553
2017,3,93,141,158,251,357,576
2017,4,83,128,153,253,352,521
2017,5,89,99,151,228,321,502
2017,6,87,109,157,237,336,502
2017,7,82,114,148,227,284,387
2017,8,71,119,145,195,265,420
2017,9,79,115,138,208,286,399
2017,10,80,103,124,196,292,364
2017,11,90,108,147,189,219,346
2017,12,63,95,120,200,251,344
2017,13,73,99,139,167,235,307
2017,14,72,108,140,192,243,314
2017,15,80,91,130,176,259,302
2017,16,66,115,129,184,227,300
2017,17,71,119,126,208,209,339
2017,18,72,109,143,181,240,305
2017,19,76,111,117,181,245,309
2017,20,63,104,130,170,254,322
2017,21,70,98,137,191,229,298
2017,22,76,115,126,174,202,279
2017,23,74,98,113,156,204,295
2017,24,82,102,124,162,222,283
2017,25,69,95,158,158,244,320
2017,26,70,99,127,185,215,302
2017,27,79,111,119,177,227,297
2017,28,72,117,127,149,218,254
2017,29,73,101,123,186,199,301
2017,30,71,103,116,169,243,262
2017,31,74,84,128,196,263,282
2017,32,55,98,135,158,220,290
2017,33,68,100,131,174,227,286
2017,34,58,103,112,198,234,294
2017,35,74,100,126,173,224,295
2017,36,77,109,122,169,214,283
2017,37,74,105,127,198,223,282
2017,38,54,94,158,211,230,333
2017,39,78,113,129,188,230,338
2017,40,80,111,136,194,259,342
2017,41,74,95,136,186,268,340
2017,42,57,89,150,186,253,300
2017,43,71,122,129,183,227,329
2017,44,64,113,105,182,227,284
2017,45,66,92,154,176,268,351
2017,46,89,96,125,193,255,310
2017,47,61,120,170,206,276,321
2017,48,84,101,183,215,268,348
2017,49,97,115,162,226,295,321
2017,50,77,116,156,213,298,328
2017,51,87,146,146,246,298,365
2017,52,61,121,146,194,291,381
2017,53,0,0,0,0,0,0
year,week,Y0T4,Y5T9,Y10T14,Y15T19,Y20T24,Y25T29,Y30T34,Y35T39,Y40T44,Y45T49
2018,1,63,115,149,235,327,496
2018,2,69,116,154,247,307,481
2018,3,83,121,155,216,298,450
2018,4,73,114,142,226,232,425
2018,5,63,117,141,200,297,430
2018,6,80,119,157,200,282,415
2018,7,106,110,154,211,277,421
2018,8,79,115,156,240,265,441
2018,9,85,133,165,228,328,491
2018,10,91,110,140,211,318,469
2018,11,73,122,157,214,300,449
2018,12,79,134,144,210,275,385
2018,13,82,100,164,202,258,374
2018,14,76,92,159,205,279,364
2018,15,73,95,137,210,260,361
2018,16,66,125,137,178,221,322
2018,17,59,107,140,166,224,290
2018,18,84,99,149,169,224,353
2018,19,92,97,102,180,240,331
2018,20,70,98,122,181,194,286
2018,21,56,86,130,183,262,337
2018,22,74,111,131,185,226,282
2018,23,71,96,146,177,214,302
2018,24,58,103,151,174,218,272
2018,25,63,102,139,158,214,282
2018,26,57,105,135,192,201,339
2018,27,71,100,111,180,232,295
2018,28,70,103,114,152,224,265
2018,29,86,90,133,171,258,321
2018,30,81,99,136,191,236,303
2018,31,69,110,146,178,247,323
2018,32,77,103,159,171,231,328
2018,33,81,94,134,180,235,297
2018,34,71,115,111,169,232,297
2018,35,67,117,158,172,237,290
2018,36,60,111,130,169,247,282
2018,37,76,112,124,181,250,328
2018,38,60,99,106,188,232,315
2018,39,72,114,131,193,226,303
2018,40,76,100,128,189,263,294
2018,41,90,85,132,188,238,326
2018,42,67,105,129,207,271,279
2018,43,66,98,154,204,265,307
2018,44,71,125,144,193,260,327
2018,45,82,105,142,188,260,316
2018,46,76,105,134,187,239,314
2018,47,74,100,144,196,256,345
2018,48,71,110,150,221,242,342
2018,49,85,103,160,195,278,367
2018,50,89,121,137,186,296,357
2018,51,62,99,132,230,272,346
2018,52,63,119,167,206,271,362
2018,53,0,0,0,0,0,0
year,week,Y0T4,Y5T9,Y10T14,Y15T19,Y20T24,Y25T29,Y30T34,Y35T39,Y40T44,Y45T49
2019,1,67,97,153,209,272,395
2019,2,75,117,150,191,257,429
2019,3,73,109,142,190,253,428
2019,4,87,98,142,214,258,438
2019,5,82,120,158,207,262,451
2019,6,106,114,160,208,309,432
2019,7,86,124,176,240,320,438
2019,8,95,119,164,217,309,476
2019,9,77,120,151,211,317,481
2019,10,82,113,159,203,289,441
2019,11,76,106,140,205,285,420
2019,12,73,115,152,188,274,375
2019,13,63,121,143,206,261,352
2019,14,68,132,150,217,267,381
2019,15,60,116,141,202,215,352
2019,16,71,100,145,205,262,357
2019,17,72,98,145,189,257,330
2019,18,81,110,133,208,233,353
2019,19,76,112,142,167,234,345
2019,20,74,104,128,191,249,313
2019,21,66,89,139,177,272,355
2019,22,84,123,149,177,233,326
2019,23,70,103,151,193,254,332
2019,24,58,98,147,172,239,286
2019,25,68,117,123,170,232,321
2019,26,76,114,142,183,236,333
2019,27,56,99,158,194,237,342
2019,28,68,116,131,202,227,320
2019,29,65,103,138,166,225,346
2019,30,75,125,142,199,242,335
2019,31,65,100,121,166,206,330
2019,32,67,95,110,160,231,315
2019,33,65,92,134,178,250,282
2019,34,69,102,159,178,248,327
2019,35,83,114,121,184,221,291
2019,36,59,119,153,155,228,314
2019,37,81,114,137,202,243,311
2019,38,66,133,137,176,267,336
2019,39,57,107,139,181,241,348
2019,40,73,109,147,190,241,310
2019,41,58,123,156,202,229,330
2019,42,67,99,146,192,262,354
2019,43,80,119,129,199,261,359
2019,44,75,114,135,210,242,291
2019,45,73,115,155,196,241,349
2019,46,83,126,162,221,249,363
2019,47,64,128,130,188,313,350
2019,48,57,125,162,209,288,365
2019,49,68,114,146,172,250,325
2019,50,86,129,142,210,286,350
2019,51,65,128,169,208,267,381
2019,52,78,113,150,205,282,344
2019,53,0,0,0,0,0,0
year,week,Y0T4,Y5T9,Y10T14,Y15T19,Y20T24,Y25T29,Y30T34,Y35T39,Y40T44,Y45T49
2020,1,78,104,147,183,252,404
2020,2,63,118,159,185,269,414
2020,3,79,106,137,194,273,449
2020,4,81,136,160,183,279,413
2020,5,82,106,170,199,290,421
2020,6,92,124,168,198,265,378
2020,7,66,112,154,207,266,414
2020,8,72,101,143,197,283,393
2020,9,70,104,134,197,284,395
2020,10,73,101,158,193,262,410
2020,11,67,114,167,210,280,404
2020,12,79,122,185,251,281,442
2020,13,83,145,192,228,313,481
2020,14,109,139,190,294,392,582
2020,15,70,141,183,245,350,490
2020,16,83,125,165,240,321,468
2020,17,60,116,135,201,283,395
2020,18,67,95,125,177,260,398
2020,19,63,110,137,151,243,314
2020,20,53,97,137,171,207,319
2020,21,66,103,132,165,245,329
2020,22,59,89,125,150,214,309
2020,23,57,102,140,149,242,327
2020,24,80,96,143,177,219,286
2020,25,62,102,133,157,225,309
2020,26,64,113,136,181,228,292
2020,27,67,101,142,174,240,289
2020,28,59,98,155,175,203,323
2020,29,58,83,121,190,206,317
2020,30,63,86,133,177,226,301
2020,31,57,104,133,182,273,343
2020,32,58,104,149,175,203,321
2020,33,48,93,142,205,245,331
2020,34,65,99,150,179,234,341
2020,35,69,114,133,166,222,323
2020,36,66,108,129,169,241,291
2020,37,80,106,140,190,259,323
2020,38,70,102,152,194,263,329
2020,39,77,100,129,198,263,306
2020,40,83,116,143,182,234,324
2020,41,68,107,152,202,253,363
2020,42,47,112,159,174,282,378
2020,43,71,125,163,211,317,422
2020,44,91,118,209,242,373,496
2020,45,111,132,255,314,468,595
2020,46,92,168,248,332,500,612
2020,47,92,165,246,368,498,625
2020,48,104,186,243,354,476,588
2020,49,108,159,231,330,505,656
2020,50,97,153,252,375,477,646
2020,51,104,157,257,332,512,649
2020,52,81,198,234,352,475,611
2020,53,87,138,217,314,433,611
year,week,Y0T4,Y5T9,Y10T14,Y15T19,Y20T24,Y25T29,Y30T34,Y35T39,Y40T44,Y45T49
2021,1,83,138,216,282,384,625
2021,2,93,120,200,261,382,533
2021,3,87,98,190,249,379,579
2021,4,77,119,201,239,310,484
2021,5,87,117,150,201,280,428
2021,6,85,92,168,209,255,419
2021,7,75,92,168,192,246,388
2021,8,79,112,151,189,246,377
2021,9,69,101,154,172,245,373
2021,10,64,133,157,189,251,335
2021,11,76,116,127,177,241,328
2021,12,62,92,165,172,235,381
2021,13,72,108,151,173,244,338
2021,14,80,106,132,193,233,341
2021,15,83,94,155,167,228,353
2021,16,70,114,166,169,230,319
2021,17,75,95,156,192,245,334
2021,18,64,101,167,178,216,304
2021,19,63,100,158,183,211,356
2021,20,64,112,142,171,214,315
2021,21,86,94,135,158,239,311
2021,22,75,112,128,180,228,324
2021,23,42,112,146,149,174,303
2021,24,63,114,136,173,221,318
2021,25,54,104,149,167,191,319
2021,26,64,97,132,163,229,311
2021,27,77,90,130,158,231,294
2021,28,72,107,129,153,216,308
2021,29,63,108,142,173,219,311
2021,30,71,90,123,151,234,283
2021,31,53,81,124,149,194,294
2021,32,0,0,0,0,0,0
2021,33,0,0,0,0,0,0
2021,34,0,0,0,0,0,0
2021,35,0,0,0,0,0,0
2021,36,0,0,0,0,0,0
2021,37,0,0,0,0,0,0
2021,38,0,0,0,0,0,0
2021,39,0,0,0,0,0,0
2021,40,0,0,0,0,0,0
2021,41,0,0,0,0,0,0
2021,42,0,0,0,0,0,0
2021,43,0,0,0,0,0,0
2021,44,0,0,0,0,0,0
2021,45,0,0,0,0,0,0
2021,46,0,0,0,0,0,0
2021,47,0,0,0,0,0,0
2021,48,0,0,0,0,0,0
2021,49,0,0,0,0,0,0
2021,50,0,0,0,0,0,0
2021,51,0,0,0,0,0,0
2021,52,0,0,0,0,0,0
2021,53,0,0,0,0,0,0
year,week,Y0T4,Y5T9,Y10T14,Y15T19,Y20T24,Y25T29,Y30T34,Y35T39,Y40T44,Y45T49
2015,1,89,90,132,212,306,403
2015,2,77,124,147,195,284,488
2015,3,98,111,150,225,338,418
2015,4,81,114,145,214,302,454
2015,5,89,124,159,219,326,480
2015,6,91,144,170,251,318,515
2015,7,90,117,152,292,386,557
2015,8,96,125,178,256,360,558
2015,9,101,123,168,268,352,537
2015,10,79,111,154,268,311,455
2015,11,92,118,177,247,310,434
2015,12,83,109,132,229,285,414
2015,13,78,112,139,181,259,360
2015,14,68,117,140,206,244,343
2015,15,78,97,131,194,250,321
2015,16,89,115,130,190,259,338
2015,17,86,104,120,184,241,323
2015,18,91,111,137,203,251,331
2015,19,64,92,123,183,225,304
2015,20,80,100,125,161,217,291
2015,21,76,87,124,162,230,286
2015,22,77,96,116,157,195,289
2015,23,73,104,134,185,223,291
2015,24,81,116,125,170,221,288
2015,25,76,72,131,176,205,278
2015,26,82,107,122,153,250,288
2015,27,91,113,149,198,249,318
2015,28,87,115,144,224,244,367
2015,29,89,109,129,199,250,316
2015,30,72,122,126,164,235,300
2015,31,75,83,114,177,237,286
2015,32,66,98,125,189,233,319
2015,33,72,91,125,212,236,292
2015,34,74,95,145,209,217,243
2015,35,79,99,148,196,212,266
2015,36,71,101,125,178,249,266
2015,37,74,105,143,196,211,276
2015,38,76,109,120,183,237,234
2015,39,83,103,126,201,226,300
2015,40,71,109,126,194,229,315
2015,41,66,111,146,186,235,264
2015,42,75,113,135,185,239,302
2015,43,73,102,133,183,238,305
2015,44,88,111,131,216,259,301
2015,45,75,99,130,195,219,281
2015,46,85,111,123,184,229,289
2015,47,59,104,123,196,271,322
2015,48,83,122,130,204,236,317
2015,49,76,117,141,217,258,313
2015,50,87,99,159,187,229,295
2015,51,74,110,141,196,221,294
2015,52,83,116,137,196,285,298
2015,53,81,118,140,199,275,341
year,week,Y0T4,Y5T9,Y10T14,Y15T19,Y20T24,Y25T29,Y30T34,Y35T39,Y40T44,Y45T49
2016,1,90,119,112,192,273,384
2016,2,72,104,125,204,249,355
2016,3,70,112,128,221,281,334
2016,4,79,103,134,216,241,389
2016,5,77,101,116,220,259,394
2016,6,69,134,121,227,247,365
2016,7,74,104,124,196,261,380
2016,8,91,126,149,213,271,348
2016,9,72,115,140,199,258,369
2016,10,103,113,138,205,247,368
2016,11,87,110,132,198,259,332
2016,12,76,104,130,189,250,368
2016,13,74,82,130,228,251,343
2016,14,76,108,105,173,277,367
2016,15,66,112,134,183,228,344
2016,16,86,97,113,172,218,290
2016,17,73,94,147,181,228,304
2016,18,73,103,129,172,247,279
2016,19,74,105,106,165,224,303
2016,20,70,107,108,169,240,328
2016,21,76,112,136,187,256,316
2016,22,72,102,117,190,247,279
2016,23,71,100,111,166,219,279
2016,24,85,103,120,181,212,240
2016,25,93,97,138,204,232,311
2016,26,72,109,119,172,245,288
2016,27,65,95,115,180,243,240
2016,28,75,85,127,174,245,292
2016,29,77,105,138,217,239,292
2016,30,65,122,104,177,255,293
2016,31,73,90,111,171,207,271
2016,32,65,98,125,170,230,278
2016,33,74,95,117,197,249,284
2016,34,63,105,111,222,228,260
2016,35,64,84,128,171,218,300
2016,36,56,108,116,193,239,286
2016,37,75,91,118,176,233,265
2016,38,78,120,125,168,208,309
2016,39,85,110,134,178,240,293
2016,40,75,104,128,205,261,323
2016,41,86,108,132,207,226,334
2016,42,77,110,137,190,237,361
2016,43,76,98,147,197,251,292
2016,44,71,109,143,206,272,333
2016,45,69,99,140,207,297,302
2016,46,75,124,119,231,271,364
2016,47,80,92,127,168,276,315
2016,48,82,131,147,226,243,322
2016,49,82,117,156,192,241,346
2016,50,86,113,142,206,239,348
2016,51,85,107,170,217,272,402
2016,52,91,133,172,229,350,442
2016,53,0,0,0,0,0,0
year,week,Y0T4,Y5T9,Y10T14,Y15T19,Y20T24,Y25T29,Y30T34,Y35T39,Y40T44,Y45T49
2017,1,83,123,158,231,365,557
2017,2,86,112,159,264,387,553
2017,3,93,141,158,251,357,576
2017,4,83,128,153,253,352,521
2017,5,89,99,151,228,321,502
2017,6,87,109,157,237,336,502
2017,7,82,114,148,227,284,387
2017,8,71,119,145,195,265,420
2017,9,79,115,138,208,286,399
2017,10,80,103,124,196,292,364
2017,11,90,108,147,189,219,346
2017,12,63,95,120,200,251,344
2017,13,73,99,139,167,235,307
2017,14,72,108,140,192,243,314
2017,15,80,91,130,176,259,302
2017,16,66,115,129,184,227,300
2017,17,71,119,126,208,209,339
2017,18,72,109,143,181,240,305
2017,19,76,111,117,181,245,309
2017,20,63,104,130,170,254,322
2017,21,70,98,137,191,229,298
2017,22,76,115,126,174,202,279
2017,23,74,98,113,156,204,295
2017,24,82,102,124,162,222,283
2017,25,69,95,158,158,244,320
2017,26,70,99,127,185,215,302
2017,27,79,111,119,177,227,297
2017,28,72,117,127,149,218,254
2017,29,73,101,123,186,199,301
2017,30,71,103,116,169,243,262
2017,31,74,84,128,196,263,282
2017,32,55,98,135,158,220,290
2017,33,68,100,131,174,227,286
2017,34,58,103,112,198,234,294
2017,35,74,100,126,173,224,295
2017,36,77,109,122,169,214,283
2017,37,74,105,127,198,223,282
2017,38,54,94,158,211,230,333
2017,39,78,113,129,188,230,338
2017,40,80,111,136,194,259,342
2017,41,74,95,136,186,268,340
2017,42,57,89,150,186,253,300
2017,43,71,122,129,183,227,329
2017,44,64,113,105,182,227,284
2017,45,66,92,154,176,268,351
2017,46,89,96,125,193,255,310
2017,47,61,120,170,206,276,321
2017,48,84,101,183,215,268,348
2017,49,97,115,162,226,295,321
2017,50,77,116,156,213,298,328
2017,51,87,146,146,246,298,365
2017,52,61,121,146,194,291,381
2017,53,0,0,0,0,0,0
year,week,Y0T4,Y5T9,Y10T14,Y15T19,Y20T24,Y25T29,Y30T34,Y35T39,Y40T44,Y45T49
2018,1,63,115,149,235,327,496
2018,2,69,116,154,247,307,481
2018,3,83,121,155,216,298,450
2018,4,73,114,142,226,232,425
2018,5,63,117,141,200,297,430
2018,6,80,119,157,200,282,415
2018,7,106,110,154,211,277,421
2018,8,79,115,156,240,265,441
2018,9,85,133,165,228,328,491
2018,10,91,110,140,211,318,469
2018,11,73,122,157,214,300,449
2018,12,79,134,144,210,275,385
2018,13,82,100,164,202,258,374
2018,14,76,92,159,205,279,364
2018,15,73,95,137,210,260,361
2018,16,66,125,137,178,221,322
2018,17,59,107,140,166,224,290
2018,18,84,99,149,169,224,353
2018,19,92,97,102,180,240,331
2018,20,70,98,122,181,194,286
2018,21,56,86,130,183,262,337
2018,22,74,111,131,185,226,282
2018,23,71,96,146,177,214,302
2018,24,58,103,151,174,218,272
2018,25,63,102,139,158,214,282
2018,26,57,105,135,192,201,339
2018,27,71,100,111,180,232,295
2018,28,70,103,114,152,224,265
2018,29,86,90,133,171,258,321
2018,30,81,99,136,191,236,303
2018,31,69,110,146,178,247,323
2018,32,77,103,159,171,231,328
2018,33,81,94,134,180,235,297
2018,34,71,115,111,169,232,297
2018,35,67,117,158,172,237,290
2018,36,60,111,130,169,247,282
2018,37,76,112,124,181,250,328
2018,38,60,99,106,188,232,315
2018,39,72,114,131,193,226,303
2018,40,76,100,128,189,263,294
2018,41,90,85,132,188,238,326
2018,42,67,105,129,207,271,279
2018,43,66,98,154,204,265,307
2018,44,71,125,144,193,260,327
2018,45,82,105,142,188,260,316
2018,46,76,105,134,187,239,314
2018,47,74,100,144,196,256,345
2018,48,71,110,150,221,242,342
2018,49,85,103,160,195,278,367
2018,50,89,121,137,186,296,357
2018,51,62,99,132,230,272,346
2018,52,63,119,167,206,271,362
2018,53,0,0,0,0,0,0
year,week,Y0T4,Y5T9,Y10T14,Y15T19,Y20T24,Y25T29,Y30T34,Y35T39,Y40T44,Y45T49
2019,1,67,97,153,209,272,395
2019,2,75,117,150,191,257,429
2019,3,73,109,142,190,253,428
2019,4,87,98,142,214,258,438
2019,5,82,120,158,207,262,451
2019,6,106,114,160,208,309,432
2019,7,86,124,176,240,320,438
2019,8,95,119,164,217,309,476
2019,9,77,120,151,211,317,481
2019,10,82,113,159,203,289,441
2019,11,76,106,140,205,285,420
2019,12,73,115,152,188,274,375
2019,13,63,121,143,206,261,352
2019,14,68,132,150,217,267,381
2019,15,60,116,141,202,215,352
2019,16,71,100,145,205,262,357
2019,17,72,98,145,189,257,330
2019,18,81,110,133,208,233,353
2019,19,76,112,142,167,234,345
2019,20,74,104,128,191,249,313
2019,21,66,89,139,177,272,355
2019,22,84,123,149,177,233,326
2019,23,70,103,151,193,254,332
2019,24,58,98,147,172,239,286
2019,25,68,117,123,170,232,321
2019,26,76,114,142,183,236,333
2019,27,56,99,158,194,237,342
2019,28,68,116,131,202,227,320
2019,29,65,103,138,166,225,346
2019,30,75,125,142,199,242,335
2019,31,65,100,121,166,206,330
2019,32,67,95,110,160,231,315
2019,33,65,92,134,178,250,282
2019,34,69,102,159,178,248,327
2019,35,83,114,121,184,221,291
2019,36,59,119,153,155,228,314
2019,37,81,114,137,202,243,311
2019,38,66,133,137,176,267,336
2019,39,57,107,139,181,241,348
2019,40,73,109,147,190,241,310
2019,41,58,123,156,202,229,330
2019,42,67,99,146,192,262,354
2019,43,80,119,129,199,261,359
2019,44,75,114,135,210,242,291
2019,45,73,115,155,196,241,349
2019,46,83,126,162,221,249,363
2019,47,64,128,130,188,313,350
2019,48,57,125,162,209,288,365
2019,49,68,114,146,172,250,325
2019,50,86,129,142,210,286,350
2019,51,65,128,169,208,267,381
2019,52,78,113,150,205,282,344
2019,53,0,0,0,0,0,0
year,week,Y0T4,Y5T9,Y10T14,Y15T19,Y20T24,Y25T29,Y30T34,Y35T39,Y40T44,Y45T49
2020,1,78,104,147,183,252,404
2020,2,63,118,159,185,269,414
2020,3,79,106,137,194,273,449
2020,4,81,136,160,183,279,413
2020,5,82,106,170,199,290,421
2020,6,92,124,168,198,265,378
2020,7,66,112,154,207,266,414
2020,8,72,101,143,197,283,393
2020,9,70,104,134,197,284,395
2020,10,73,101,158,193,262,410
2020,11,67,114,167,210,280,404
2020,12,79,122,185,251,281,442
2020,13,83,145,192,228,313,481
2020,14,109,139,190,294,392,582
2020,15,70,141,183,245,350,490
2020,16,83,125,165,240,321,468
2020,17,60,116,135,201,283,395
2020,18,67,95,125,177,260,398
2020,19,63,110,137,151,243,314
2020,20,53,97,137,171,207,319
2020,21,66,103,132,165,245,329
2020,22,59,89,125,150,214,309
2020,23,57,102,140,149,242,327
2020,24,80,96,143,177,219,286
2020,25,62,102,133,157,225,309
2020,26,64,113,136,181,228,292
2020,27,67,101,142,174,240,289
2020,28,59,98,155,175,203,323
2020,29,58,83,121,190,206,317
2020,30,63,86,133,177,226,301
2020,31,57,104,133,182,273,343
2020,32,58,104,149,175,203,321
2020,33,48,93,142,205,245,331
2020,34,65,99,150,179,234,341
2020,35,69,114,133,166,222,323
2020,36,66,108,129,169,241,291
2020,37,80,106,140,190,259,323
2020,38,70,102,152,194,263,329
2020,39,77,100,129,198,263,306
2020,40,83,116,143,182,234,324
2020,41,68,107,152,202,253,363
2020,42,47,112,159,174,282,378
2020,43,71,125,163,211,317,422
2020,44,91,118,209,242,373,496
2020,45,111,132,255,314,468,595
2020,46,92,168,248,332,500,612
2020,47,92,165,246,368,498,625
2020,48,104,186,243,354,476,588
2020,49,108,159,231,330,505,656
2020,50,97,153,252,375,477,646
2020,51,104,157,257,332,512,649
2020,52,81,198,234,352,475,611
2020,53,87,138,217,314,433,611
year,week,Y0T4,Y5T9,Y10T14,Y15T19,Y20T24,Y25T29,Y30T34,Y35T39,Y40T44,Y45T49
2021,1,84,138,216,282,384,625
2021,2,93,120,200,261,382,533
2021,3,87,98,190,249,379,579
2021,4,77,119,201,239,310,484
2021,5,87,117,150,201,280,428
2021,6,85,93,168,209,255,419
2021,7,75,92,168,192,246,388
2021,8,79,112,151,190,246,377
2021,9,70,101,154,172,245,373
2021,10,64,133,157,189,252,335
2021,11,76,116,127,177,241,328
2021,12,62,92,165,173,235,381
2021,13,72,109,151,173,244,338
2021,14,80,106,132,193,233,341
2021,15,83,94,155,167,228,353
2021,16,70,114,166,171,230,319
2021,17,75,95,156,192,246,334
2021,18,65,102,167,178,217,304
2021,19,63,100,158,184,211,356
2021,20,64,112,142,171,214,315
2021,21,86,94,135,158,239,311
2021,22,75,113,128,180,229,324
2021,23,42,112,146,149,175,303
2021,24,63,113,136,175,225,318
2021,25,56,104,151,167,191,322
2021,26,64,98,134,163,231,310
2021,27,77,91,130,158,232,296
2021,28,72,109,131,155,219,309
2021,29,66,109,144,178,221,313
2021,30,72,93,126,153,238,287
2021,31,58,85,133,160,204,313
2021,32,67,89,122,175,230,320
2021,33,0,0,0,0,0,0
2021,34,0,0,0,0,0,0
2021,35,0,0,0,0,0,0
2021,36,0,0,0,0,0,0
2021,37,0,0,0,0,0,0
2021,38,0,0,0,0,0,0
2021,39,0,0,0,0,0,0
2021,40,0,0,0,0,0,0
2021,41,0,0,0,0,0,0
2021,42,0,0,0,0,0,0
2021,43,0,0,0,0,0,0
2021,44,0,0,0,0,0,0
2021,45,0,0,0,0,0,0
2021,46,0,0,0,0,0,0
2021,47,0,0,0,0,0,0
2021,48,0,0,0,0,0,0
2021,49,0,0,0,0,0,0
2021,50,0,0,0,0,0,0
2021,51,0,0,0,0,0,0
2021,52,0,0,0,0,0,0
2021,53,0,0,0,0,0,0
year,week,Y0T4,Y5T9,Y10T14,Y15T19,Y20T24,Y25T29,Y30T34,Y35T39,Y40T44,Y45T49
2015,1,7,1,0,1,1,4,6,9,7,15
2015,2,5,1,2,2,4,4,6,3,12,19
2015,3,9,0,0,2,1,2,6,5,5,15
2015,4,5,0,2,0,5,4,3,3,8,17
2015,5,6,1,2,3,5,5,7,7,9,13
2015,6,7,0,0,1,5,2,2,6,10,25
2015,7,7,0,1,0,1,10,4,4,13,21
2015,8,4,0,4,2,5,5,6,9,8,19
2015,9,10,1,1,1,1,1,6,1,5,16
2015,10,10,1,0,0,1,2,2,1,9,20
2015,11,4,0,0,2,2,1,5,10,6,12
2015,12,8,0,2,4,4,4,2,6,6,19
2015,13,2,1,0,1,1,1,8,6,8,15
2015,14,10,0,1,2,3,3,5,4,12,17
2015,15,4,0,0,0,4,4,4,8,10,12
2015,16,8,0,0,1,3,1,5,7,6,18
2015,17,10,1,0,1,2,3,2,3,5,19
2015,18,9,1,0,2,6,4,4,6,11,14
2015,19,4,0,0,1,3,0,5,6,13,21
2015,20,9,0,2,5,6,3,1,7,16,12
2015,21,5,1,1,2,1,3,3,6,10,12
2015,22,6,0,1,3,2,4,1,7,6,18
2015,23,8,0,0,1,4,0,4,10,13,16
2015,24,11,1,1,2,4,2,3,5,4,20
2015,25,3,0,1,3,4,2,5,5,14,13
2015,26,9,2,1,6,0,0,2,4,11,15
2015,27,3,1,0,0,3,5,5,5,8,15
2015,28,4,2,0,3,3,4,2,5,11,21
2015,29,10,2,0,3,3,8,7,7,6,14
2015,30,5,1,0,1,1,6,1,7,5,17
2015,31,6,0,0,0,1,6,6,6,7,18
2015,32,11,1,3,0,1,5,5,10,8,20
2015,33,7,0,0,5,5,5,3,5,9,15
2015,34,5,2,1,2,2,3,3,5,11,22
2015,35,7,0,0,0,5,4,5,9,9,23
2015,36,5,1,1,0,5,1,7,7,7,12
2015,37,10,0,0,1,4,7,4,5,13,17
2015,38,7,0,0,2,1,6,5,4,13,11
2015,39,7,1,2,3,6,3,4,3,3,9
2015,40,10,1,0,6,1,2,3,10,10,25
2015,41,5,0,0,1,5,5,6,6,7,11
2015,42,9,1,0,2,2,2,2,1,9,17
2015,43,6,1,1,1,5,1,5,4,8,17
2015,44,12,0,2,1,4,3,4,3,7,21
2015,45,5,1,1,1,2,2,7,4,10,19
2015,46,8,0,0,0,3,3,6,8,10,14
2015,47,17,0,0,3,3,3,5,6,10,22
2015,48,10,0,0,1,2,5,1,2,8,17
2015,49,9,1,1,2,2,3,7,9,7,12
2015,50,9,1,0,4,5,6,2,3,7,24
2015,51,6,0,1,3,4,7,4,6,5,16
2015,52,10,1,1,1,2,0,5,3,7,24
2015,53,8,1,0,1,2,1,5,4,5,14
year,week,Y0T4,Y5T9,Y10T14,Y15T19,Y20T24,Y25T29,Y30T34,Y35T39,Y40T44,Y45T49
2016,1,2,0,0,1,3,4,6,2,7,14
2016,2,6,0,1,0,4,0,4,6,6,18
2016,3,5,1,0,0,2,4,5,11,13,13
2016,4,12,0,1,2,4,2,5,4,13,18
2016,5,8,0,2,1,5,3,3,5,9,18
2016,6,3,0,0,0,3,6,6,8,11,12
2016,7,9,1,1,2,3,3,5,9,10,18
2016,8,4,2,3,3,2,4,2,7,11,12
2016,9,1,2,0,1,1,2,5,7,6,19
2016,10,7,1,0,0,4,0,4,6,6,18
2016,11,7,0,0,3,4,4,5,8,5,13
2016,12,6,0,1,4,2,4,1,5,12,19
2016,13,5,1,0,1,3,6,2,5,10,12
2016,14,4,0,0,2,3,6,2,7,7,13
2016,15,7,1,1,2,1,5,4,11,9,13
2016,16,7,0,0,1,1,4,11,5,7,15
2016,17,5,1,1,1,1,4,4,3,7,15
2016,18,5,1,1,1,5,9,3,6,6,14
2016,19,2,0,0,1,3,4,3,2,9,14
2016,20,12,1,2,0,0,4,6,7,7,15
2016,21,5,0,1,2,0,3,3,5,5,13
2016,22,8,0,1,1,2,0,1,10,8,12
2016,23,4,1,0,1,5,3,4,4,5,19
2016,24,9,1,1,1,3,2,2,6,6,18
2016,25,7,0,0,2,2,3,3,2,8,19
2016,26,14,0,1,0,3,2,5,3,15,18
2016,27,8,0,0,3,4,6,4,0,6,16
2016,28,12,1,0,2,1,11,4,7,11,10
2016,29,6,1,1,0,1,4,8,5,6,14
2016,30,7,0,0,3,3,3,8,5,9,18
2016,31,5,0,0,2,1,9,4,5,7,23
2016,32,7,0,2,4,3,4,6,3,5,20
2016,33,8,2,0,5,2,4,4,4,6,9
2016,34,4,0,0,0,2,0,2,5,11,12
2016,35,3,0,0,2,4,10,4,6,14,15
2016,36,9,0,0,2,3,4,2,5,8,16
2016,37,5,1,1,0,2,5,6,5,8,18
2016,38,10,0,1,2,3,2,0,9,14,13
2016,39,5,0,1,2,3,4,3,5,5,10
2016,40,11,0,3,3,3,2,4,8,7,9
2016,41,9,0,0,2,1,3,1,10,9,16
2016,42,11,0,1,1,3,4,2,5,6,15
2016,43,4,1,0,0,1,4,5,2,6,18
2016,44,5,0,1,0,4,5,3,7,11,19
2016,45,5,0,0,1,4,1,7,7,5,20
2016,46,4,0,1,0,1,2,4,1,10,14
2016,47,3,0,0,1,3,3,3,6,11,12
2016,48,6,1,0,0,3,3,3,8,8,16
2016,49,7,0,1,3,2,6,9,3,7,19
2016,50,5,0,0,0,3,2,2,4,12,13
2016,51,13,1,1,2,5,3,5,5,11,12
2016,52,2,2,1,2,0,9,1,7,8,18
2016,53,0,0,0,0,0,0,0,0,0,0
year,week,Y0T4,Y5T9,Y10T14,Y15T19,Y20T24,Y25T29,Y30T34,Y35T39,Y40T44,Y45T49
2017,1,8,0,0,2,5,5,7,3,4,16
2017,2,4,1,0,2,3,5,3,7,6,16
2017,3,9,0,0,0,1,3,3,7,4,11
2017,4,2,0,1,1,0,4,8,8,6,17
2017,5,8,2,0,0,1,5,5,0,11,14
2017,6,8,1,0,0,1,1,5,6,6,12
2017,7,6,0,1,2,4,2,7,7,9,11
2017,8,9,1,0,2,2,3,4,8,10,20
2017,9,3,0,0,0,0,4,3,2,5,12
2017,10,9,1,0,3,2,2,2,8,7,16
2017,11,4,1,1,1,3,2,4,7,9,13
2017,12,2,0,1,2,3,0,7,3,5,19
2017,13,6,0,1,3,1,2,3,7,7,16
2017,14,11,2,1,1,2,3,4,4,7,19
2017,15,5,1,0,1,3,2,4,3,9,13
2017,16,4,1,1,0,2,3,3,8,9,12
2017,17,7,0,1,3,4,3,2,3,2,10
2017,18,5,1,1,0,2,5,6,6,7,15
2017,19,4,1,2,0,0,2,0,7,14,13
2017,20,6,0,0,3,7,0,2,5,7,13
2017,21,5,1,1,2,4,7,6,5,10,13
2017,22,12,1,0,2,4,3,2,6,5,15
2017,23,6,1,0,0,3,5,3,6,3,25
2017,24,8,0,0,1,1,3,3,7,7,14
2017,25,8,0,0,1,2,2,7,10,10,9
2017,26,8,0,0,0,1,4,2,8,10,19
2017,27,5,0,2,1,1,4,3,6,8,12
2017,28,5,1,0,2,3,9,2,3,10,19
2017,29,11,1,0,0,4,3,11,4,11,14
2017,30,8,0,2,2,3,1,4,9,13,17
2017,31,7,0,2,5,2,3,6,4,3,15
2017,32,4,0,0,2,5,4,3,6,10,14
2017,33,5,0,0,1,2,3,5,5,9,26
2017,34,10,0,1,0,4,5,9,10,15,21
2017,35,6,0,2,4,2,2,9,6,11,19
2017,36,4,1,1,2,1,3,5,8,8,13
2017,37,8,2,0,3,3,3,4,8,3,17
2017,38,4,2,0,5,4,4,3,6,8,11
2017,39,6,1,0,1,3,4,6,5,7,22
2017,40,3,0,0,2,5,7,4,6,8,20
2017,41,7,0,0,2,2,4,3,4,6,13
2017,42,6,0,0,2,4,7,4,8,4,13
2017,43,5,0,0,2,2,4,3,4,12,14
2017,44,9,0,1,2,4,4,7,9,10,11
2017,45,9,2,1,3,3,6,7,6,13,20
2017,46,8,1,1,0,1,5,3,2,8,10
2017,47,10,0,0,3,1,3,1,8,8,15
2017,48,7,0,0,0,3,2,4,8,11,13
2017,49,10,0,2,3,2,3,4,3,12,16
2017,50,12,0,1,1,4,2,2,5,9,16
2017,51,8,0,1,1,4,4,5,9,11,13
2017,52,7,0,0,1,5,5,4,9,5,18
2017,53,0,0,0,0,0,0,0,0,0,0
year,week,Y0T4,Y5T9,Y10T14,Y15T19,Y20T24,Y25T29,Y30T34,Y35T39,Y40T44,Y45T49
2018,1,6,0,1,1,2,8,3,11,9,14
2018,2,8,0,1,4,2,3,6,7,13,13
2018,3,5,1,1,1,3,5,9,10,6,12
2018,4,4,1,0,0,1,2,8,9,12,16
2018,5,5,0,1,1,2,4,0,5,7,12
2018,6,9,1,1,2,4,3,4,9,10,18
2018,7,8,1,0,2,1,3,9,7,7,14
2018,8,8,0,2,3,2,4,3,7,6,14
2018,9,7,0,3,1,3,2,2,8,13,17
2018,10,3,2,0,2,1,6,5,3,11,24
2018,11,8,0,2,2,5,2,2,5,3,19
2018,12,9,1,0,1,1,1,3,10,8,15
2018,13,8,1,1,2,4,2,1,5,8,19
2018,14,5,2,0,1,3,2,1,7,6,10
2018,15,9,1,2,2,0,3,5,1,6,20
2018,16,7,0,0,2,2,2,3,2,13,11
2018,17,3,1,3,2,1,2,4,4,8,14
2018,18,5,1,0,1,4,3,2,4,11,13
2018,19,9,1,1,2,2,1,5,6,6,13
2018,20,6,0,1,3,1,5,7,3,9,16
2018,21,6,1,1,1,3,7,3,5,7,11
2018,22,5,0,0,1,3,3,2,3,11,11
2018,23,5,1,1,1,6,4,3,4,8,20
2018,24,6,0,0,2,1,2,3,9,4,11
2018,25,9,0,0,3,5,0,1,6,10,16
2018,26,7,0,1,3,3,3,3,5,7,18
2018,27,7,3,1,0,7,4,4,4,11,13
2018,28,2,0,1,1,4,4,5,6,13,19
2018,29,5,0,2,2,4,4,4,8,9,15
2018,30,3,0,0,1,5,5,6,6,6,13
2018,31,6,1,1,3,2,4,4,6,9,20
2018,32,5,0,1,1,3,4,0,7,7,16
2018,33,3,0,0,2,2,5,3,5,13,15
2018,34,4,0,1,1,2,0,1,8,10,11
2018,35,6,0,0,1,4,3,5,4,8,21
2018,36,5,0,0,0,2,0,3,11,8,24
2018,37,5,2,0,4,3,3,3,4,9,15
2018,38,3,0,0,2,5,3,4,5,6,23
2018,39,7,1,0,3,3,1,5,4,6,20
2018,40,6,0,0,2,4,4,3,4,5,16
2018,41,14,0,1,0,4,4,6,5,9,10
2018,42,6,0,2,2,5,4,3,7,6,15
2018,43,4,0,2,1,1,6,3,4,4,11
2018,44,7,1,1,2,3,2,2,5,5,12
2018,45,9,0,0,5,0,2,1,7,8,7
2018,46,9,0,0,4,3,6,8,3,12,14
2018,47,8,0,1,4,3,4,3,10,11,10
2018,48,7,4,0,2,2,3,8,1,10,18
2018,49,12,1,1,3,2,5,6,7,17,12
2018,50,8,1,0,3,5,1,3,4,10,18
2018,51,6,0,2,0,1,1,5,4,6,22
2018,52,7,0,1,4,2,3,2,5,7,13
2018,53,0,0,0,0,0,0,0,0,0,0
year,week,Y0T4,Y5T9,Y10T14,Y15T19,Y20T24,Y25T29,Y30T34,Y35T39,Y40T44,Y45T49
2019,1,6,0,0,3,5,2,3,4,10,16
2019,2,7,1,0,1,6,9,4,5,8,19
2019,3,7,1,0,1,6,3,5,2,13,9
2019,4,7,2,1,0,0,3,2,5,8,13
2019,5,3,1,1,3,1,2,3,2,6,12
2019,6,6,1,1,0,3,3,2,4,6,17
2019,7,8,0,0,2,6,3,3,4,11,15
2019,8,6,3,0,1,2,4,3,3,7,13
2019,9,5,1,1,1,3,5,7,6,12,11
2019,10,4,0,1,1,4,5,8,6,4,18
2019,11,8,0,0,2,1,3,2,5,7,6
2019,12,8,3,0,1,3,1,3,5,5,15
2019,13,8,1,1,2,4,3,6,4,5,14
2019,14,5,2,1,2,3,3,5,2,3,17
2019,15,3,0,1,1,3,2,5,6,3,14
2019,16,6,0,2,0,1,4,2,6,11,11
2019,17,3,1,0,2,2,2,2,10,3,11
2019,18,2,0,2,0,2,1,5,6,6,10
2019,19,5,1,1,1,2,3,6,5,12,13
2019,20,5,0,0,2,2,2,6,8,8,13
2019,21,12,1,0,1,3,3,7,9,9,17
2019,22,3,0,0,0,4,3,2,10,11,16
2019,23,10,0,1,1,5,3,4,5,15,6
2019,24,4,0,1,1,2,5,5,2,10,15
2019,25,12,1,1,0,5,4,3,4,9,17
2019,26,9,1,0,1,2,3,2,3,6,13
2019,27,4,0,0,0,3,5,3,6,11,11
2019,28,6,0,0,1,1,6,2,3,9,17
2019,29,4,1,1,0,2,2,2,5,5,15
2019,30,10,0,0,2,2,3,2,4,6,14
2019,31,9,2,0,1,4,5,4,5,12,11
2019,32,7,0,1,3,5,9,5,7,5,14
2019,33,3,2,0,1,4,3,6,1,9,12
2019,34,12,1,1,3,1,3,3,8,9,15
2019,35,8,0,0,1,3,2,2,7,4,13
2019,36,3,0,0,1,2,1,6,5,7,8
2019,37,7,1,1,4,1,2,5,5,10,8
2019,38,6,1,1,3,4,3,0,7,12,16
2019,39,7,1,0,3,2,0,4,7,8,13
2019,40,6,0,0,1,5,1,3,7,4,11
2019,41,7,1,0,1,6,5,1,3,8,15
2019,42,4,0,1,2,3,3,5,6,5,14
2019,43,5,0,0,3,4,2,2,9,7,16
2019,44,3,0,0,2,2,3,3,4,10,10
2019,45,4,0,1,1,3,2,6,2,12,10
2019,46,3,1,0,0,4,3,7,4,7,12
2019,47,4,1,1,2,0,2,4,7,13,18
2019,48,3,0,0,1,1,1,5,4,9,12
2019,49,6,0,0,3,2,4,5,3,11,15
2019,50,6,3,0,1,2,1,3,5,8,11
2019,51,8,1,0,1,2,4,4,8,9,11
2019,52,10,0,2,2,3,3,3,10,5,7
2019,53,0,0,0,0,0,0,0,0,0,0
year,week,Y0T4,Y5T9,Y10T14,Y15T19,Y20T24,Y25T29,Y30T34,Y35T39,Y40T44,Y45T49
2020,1,4,1,1,4,2,3,0,7,10,12
2020,2,6,0,2,3,2,2,2,8,4,11
2020,3,10,4,3,2,0,3,8,6,7,13
2020,4,5,0,1,2,4,6,4,3,10,12
2020,5,6,0,1,2,2,3,1,9,7,13
2020,6,10,1,1,0,4,4,4,4,4,15
2020,7,8,1,2,0,4,2,2,10,8,14
2020,8,5,4,0,0,3,3,5,0,7,18
2020,9,4,0,0,1,2,6,2,4,8,13
2020,10,7,0,0,2,3,3,3,3,10,10
2020,11,8,0,0,2,0,5,3,7,12,14
2020,12,7,1,1,0,2,2,6,9,6,14
2020,13,6,1,0,2,5,2,4,6,8,14
2020,14,7,0,0,1,3,4,5,8,6,14
2020,15,4,0,1,4,3,4,6,9,6,20
2020,16,7,1,0,3,6,4,1,9,5,17
2020,17,8,1,0,2,2,5,4,7,9,19
2020,18,5,0,0,4,5,2,2,9,4,3
2020,19,5,0,0,1,4,1,3,13,5,13
2020,20,9,1,0,1,3,5,5,4,7,15
2020,21,7,0,0,0,9,1,3,7,8,14
2020,22,5,0,1,1,1,7,1,5,10,10
2020,23,7,1,0,0,1,3,6,8,14,8
2020,24,8,0,2,0,5,3,5,5,5,15
2020,25,7,0,0,0,5,7,1,6,10,23
2020,26,6,1,0,2,3,1,2,7,8,14
2020,27,5,3,1,0,2,5,4,7,6,14
2020,28,7,0,0,1,1,1,2,3,4,11
2020,29,6,0,0,0,3,2,2,6,8,15
2020,30,13,1,0,2,1,3,4,7,5,10
2020,31,3,0,1,3,2,6,5,5,6,16
2020,32,7,0,0,4,3,4,8,7,6,16
2020,33,2,0,0,3,6,6,3,3,6,17
2020,34,5,0,1,3,2,3,4,9,6,14
2020,35,6,0,0,1,3,2,2,3,9,9
2020,36,11,1,3,2,3,3,10,8,5,12
2020,37,5,1,2,3,4,2,6,3,7,8
2020,38,8,0,0,2,2,5,4,7,7,11
2020,39,12,0,1,3,5,3,3,7,11,6
2020,40,10,0,0,0,2,5,6,5,11,16
2020,41,6,0,1,1,8,1,2,5,9,24
2020,42,3,1,1,2,1,2,4,5,10,10
2020,43,14,0,0,3,2,3,5,6,7,15
2020,44,11,1,1,2,2,1,5,3,10,19
2020,45,9,3,2,0,1,3,3,5,7,25
2020,46,6,0,0,2,2,3,3,6,6,16
2020,47,6,0,3,3,7,0,1,4,6,13
2020,48,4,0,1,2,2,3,4,5,8,14
2020,49,4,0,2,4,3,3,4,6,9,8
2020,50,6,0,0,0,4,2,9,8,8,17
2020,51,3,0,0,0,3,2,6,6,15,16
2020,52,10,0,1,2,2,4,3,5,3,12
2020,53,5,0,0,3,4,6,4,5,8,14
year,week,Y0T4,Y5T9,Y10T14,Y15T19,Y20T24,Y25T29,Y30T34,Y35T39,Y40T44,Y45T49
2021,1,6,0,0,2,1,2,5,5,2,9
2021,2,8,3,1,3,2,3,7,7,5,13
2021,3,4,0,0,2,2,2,4,5,10,11
2021,4,6,0,0,0,2,1,4,3,6,16
2021,5,8,1,0,5,2,5,3,6,10,15
2021,6,4,2,0,4,4,3,4,1,11,12
2021,7,1,1,1,1,1,1,3,5,7,6
2021,8,4,1,2,1,4,6,3,2,11,16
2021,9,9,2,1,0,2,4,4,6,2,8
2021,10,3,0,1,1,0,1,2,2,8,13
2021,11,8,1,0,2,1,5,4,6,5,10
2021,12,6,1,1,1,4,3,4,6,7,12
2021,13,7,0,0,2,3,6,5,6,8,11
2021,14,8,0,0,3,3,0,3,5,6,14
2021,15,8,1,0,1,2,3,4,3,9,16
2021,16,3,1,0,1,3,5,7,3,5,10
2021,17,2,0,0,4,3,2,5,2,7,8
2021,18,11,0,1,1,4,9,6,6,8,13
2021,19,8,0,0,2,1,2,7,2,9,17
2021,20,6,3,0,0,2,3,2,2,12,12
2021,21,5,1,4,2,2,4,6,3,6,15
2021,22,5,0,0,1,0,3,2,7,6,9
2021,23,6,1,0,4,4,3,3,1,10,10
2021,24,2,0,1,0,2,7,3,5,4,6
2021,25,7,0,0,1,2,8,1,9,12,10
2021,26,4,0,1,0,3,4,8,5,6,8
2021,27,5,0,1,0,2,3,2,7,8,16
2021,28,6,0,1,1,1,3,5,6,4,8
2021,29,9,0,0,2,4,1,2,5,9,13
2021,30,3,0,2,1,2,0,1,5,5,12
2021,31,1,0,0,1,0,5,3,6,12,13
2021,32,1,0,1,2,3,6,5,6,4,9
2021,33,0,0,0,0,0,0,0,0,0,0
2021,34,0,0,0,0,0,0,0,0,0,0
2021,35,0,0,0,0,0,0,0,0,0,0
2021,36,0,0,0,0,0,0,0,0,0,0
2021,37,0,0,0,0,0,0,0,0,0,0
2021,38,0,0,0,0,0,0,0,0,0,0
2021,39,0,0,0,0,0,0,0,0,0,0
2021,40,0,0,0,0,0,0,0,0,0,0
2021,41,0,0,0,0,0,0,0,0,0,0
2021,42,0,0,0,0,0,0,0,0,0,0
2021,43,0,0,0,0,0,0,0,0,0,0
2021,44,0,0,0,0,0,0,0,0,0,0
2021,45,0,0,0,0,0,0,0,0,0,0
2021,46,0,0,0,0,0,0,0,0,0,0
2021,47,0,0,0,0,0,0,0,0,0,0
2021,48,0,0,0,0,0,0,0,0,0,0
2021,49,0,0,0,0,0,0,0,0,0,0
2021,50,0,0,0,0,0,0,0,0,0,0
2021,51,0,0,0,0,0,0,0,0,0,0
2021,52,0,0,0,0,0,0,0,0,0,0
2021,53,0,0,0,0,0,0,0,0,0,0
year,week,Y0T4,Y5T9,Y10T14,Y15T19,Y20T24,Y25T29,Y30T34,Y35T39,Y40T44,Y45T49
2015,1,7,1,0,1,1,4,6,9,7,15
2015,2,5,1,2,2,4,4,6,3,12,19
2015,3,9,0,0,2,1,2,6,5,5,15
2015,4,5,0,2,0,5,4,3,3,8,17
2015,5,6,1,2,3,5,5,7,7,9,13
2015,6,7,0,0,1,5,2,2,6,10,25
2015,7,7,0,1,0,1,10,4,4,13,21
2015,8,4,0,4,2,5,5,6,9,8,19
2015,9,10,1,1,1,1,1,6,1,5,16
2015,10,10,1,0,0,1,2,2,1,9,20
2015,11,4,0,0,2,2,1,5,10,6,12
2015,12,8,0,2,4,4,4,2,6,6,19
2015,13,2,1,0,1,1,1,8,6,8,15
2015,14,10,0,1,2,3,3,5,4,12,17
2015,15,4,0,0,0,4,4,4,8,10,12
2015,16,8,0,0,1,3,1,5,7,6,18
2015,17,10,1,0,1,2,3,2,3,5,19
2015,18,9,1,0,2,6,4,4,6,11,14
2015,19,4,0,0,1,3,0,5,6,13,21
2015,20,9,0,2,5,6,3,1,7,16,12
2015,21,5,1,1,2,1,3,3,6,10,12
2015,22,6,0,1,3,2,4,1,7,6,18
2015,23,8,0,0,1,4,0,4,10,13,16
2015,24,11,1,1,2,4,2,3,5,4,20
2015,25,3,0,1,3,4,2,5,5,14,13
2015,26,9,2,1,6,0,0,2,4,11,15
2015,27,3,1,0,0,3,5,5,5,8,15
2015,28,4,2,0,3,3,4,2,5,11,21
2015,29,10,2,0,3,3,8,7,7,6,14
2015,30,5,1,0,1,1,6,1,7,5,17
2015,31,6,0,0,0,1,6,6,6,7,18
2015,32,11,1,3,0,1,5,5,10,8,20
2015,33,7,0,0,5,5,5,3,5,9,15
2015,34,5,2,1,2,2,3,3,5,11,22
2015,35,7,0,0,0,5,4,5,9,9,23
2015,36,5,1,1,0,5,1,7,7,7,12
2015,37,10,0,0,1,4,7,4,5,13,17
2015,38,7,0,0,2,1,6,5,4,13,11
2015,39,7,1,2,3,6,3,4,3,3,9
2015,40,10,1,0,6,1,2,3,10,10,25
2015,41,5,0,0,1,5,5,6,6,7,11
2015,42,9,1,0,2,2,2,2,1,9,17
2015,43,6,1,1,1,5,1,5,4,8,17
2015,44,12,0,2,1,4,3,4,3,7,21
2015,45,5,1,1,1,2,2,7,4,10,19
2015,46,8,0,0,0,3,3,6,8,10,14
2015,47,17,0,0,3,3,3,5,6,10,22
2015,48,10,0,0,1,2,5,1,2,8,17
2015,49,9,1,1,2,2,3,7,9,7,12
2015,50,9,1,0,4,5,6,2,3,7,24
2015,51,6,0,1,3,4,7,4,6,5,16
2015,52,10,1,1,1,2,0,5,3,7,24
2015,53,8,1,0,1,2,1,5,4,5,14
year,week,Y0T4,Y5T9,Y10T14,Y15T19,Y20T24,Y25T29,Y30T34,Y35T39,Y40T44,Y45T49
2016,1,2,0,0,1,3,4,6,2,7,14
2016,2,6,0,1,0,4,0,4,6,6,18
2016,3,5,1,0,0,2,4,5,11,13,13
2016,4,12,0,1,2,4,2,5,4,13,18
2016,5,8,0,2,1,5,3,3,5,9,18
2016,6,3,0,0,0,3,6,6,8,11,12
2016,7,9,1,1,2,3,3,5,9,10,18
2016,8,4,2,3,3,2,4,2,7,11,12
2016,9,1,2,0,1,1,2,5,7,6,19
2016,10,7,1,0,0,4,0,4,6,6,18
2016,11,7,0,0,3,4,4,5,8,5,13
2016,12,6,0,1,4,2,4,1,5,12,19
2016,13,5,1,0,1,3,6,2,5,10,12
2016,14,4,0,0,2,3,6,2,7,7,13
2016,15,7,1,1,2,1,5,4,11,9,13
2016,16,7,0,0,1,1,4,11,5,7,15
2016,17,5,1,1,1,1,4,4,3,7,15
2016,18,5,1,1,1,5,9,3,6,6,14
2016,19,2,0,0,1,3,4,3,2,9,14
2016,20,12,1,2,0,0,4,6,7,7,15
2016,21,5,0,1,2,0,3,3,5,5,13
2016,22,8,0,1,1,2,0,1,10,8,12
2016,23,4,1,0,1,5,3,4,4,5,19
2016,24,9,1,1,1,3,2,2,6,6,18
2016,25,7,0,0,2,2,3,3,2,8,19
2016,26,14,0,1,0,3,2,5,3,15,18
2016,27,8,0,0,3,4,6,4,0,6,16
2016,28,12,1,0,2,1,11,4,7,11,10
2016,29,6,1,1,0,1,4,8,5,6,14
2016,30,7,0,0,3,3,3,8,5,9,18
2016,31,5,0,0,2,1,9,4,5,7,23
2016,32,7,0,2,4,3,4,6,3,5,20
2016,33,8,2,0,5,2,4,4,4,6,9
2016,34,4,0,0,0,2,0,2,5,11,12
2016,35,3,0,0,2,4,10,4,6,14,15
2016,36,9,0,0,2,3,4,2,5,8,16
2016,37,5,1,1,0,2,5,6,5,8,18
2016,38,10,0,1,2,3,2,0,9,14,13
2016,39,5,0,1,2,3,4,3,5,5,10
2016,40,11,0,3,3,3,2,4,8,7,9
2016,41,9,0,0,2,1,3,1,10,9,16
2016,42,11,0,1,1,3,4,2,5,6,15
2016,43,4,1,0,0,1,4,5,2,6,18
2016,44,5,0,1,0,4,5,3,7,11,19
2016,45,5,0,0,1,4,1,7,7,5,20
2016,46,4,0,1,0,1,2,4,1,10,14
2016,47,3,0,0,1,3,3,3,6,11,12
2016,48,6,1,0,0,3,3,3,8,8,16
2016,49,7,0,1,3,2,6,9,3,7,19
2016,50,5,0,0,0,3,2,2,4,12,13
2016,51,13,1,1,2,5,3,5,5,11,12
2016,52,2,2,1,2,0,9,1,7,8,18
2016,53,0,0,0,0,0,0,0,0,0,0
year,week,Y0T4,Y5T9,Y10T14,Y15T19,Y20T24,Y25T29,Y30T34,Y35T39,Y40T44,Y45T49
2017,1,8,0,0,2,5,5,7,3,4,16
2017,2,4,1,0,2,3,5,3,7,6,16
2017,3,9,0,0,0,1,3,3,7,4,11
2017,4,2,0,1,1,0,4,8,8,6,17
2017,5,8,2,0,0,1,5,5,0,11,14
2017,6,8,1,0,0,1,1,5,6,6,12
2017,7,6,0,1,2,4,2,7,7,9,11
2017,8,9,1,0,2,2,3,4,8,10,20
2017,9,3,0,0,0,0,4,3,2,5,12
2017,10,9,1,0,3,2,2,2,8,7,16
2017,11,4,1,1,1,3,2,4,7,9,13
2017,12,2,0,1,2,3,0,7,3,5,19
2017,13,6,0,1,3,1,2,3,7,7,16
2017,14,11,2,1,1,2,3,4,4,7,19
2017,15,5,1,0,1,3,2,4,3,9,13
2017,16,4,1,1,0,2,3,3,8,9,12
2017,17,7,0,1,3,4,3,2,3,2,10
2017,18,5,1,1,0,2,5,6,6,7,15
2017,19,4,1,2,0,0,2,0,7,14,13
2017,20,6,0,0,3,7,0,2,5,7,13
2017,21,5,1,1,2,4,7,6,5,10,13
2017,22,12,1,0,2,4,3,2,6,5,15
2017,23,6,1,0,0,3,5,3,6,3,25
2017,24,8,0,0,1,1,3,3,7,7,14
2017,25,8,0,0,1,2,2,7,10,10,9
2017,26,8,0,0,0,1,4,2,8,10,19
2017,27,5,0,2,1,1,4,3,6,8,12
2017,28,5,1,0,2,3,9,2,3,10,19
2017,29,11,1,0,0,4,3,11,4,11,14
2017,30,8,0,2,2,3,1,4,9,13,17
2017,31,7,0,2,5,2,3,6,4,3,15
2017,32,4,0,0,2,5,4,3,6,10,14
2017,33,5,0,0,1,2,3,5,5,9,26
2017,34,10,0,1,0,4,5,9,10,15,21
2017,35,6,0,2,4,2,2,9,6,11,19
2017,36,4,1,1,2,1,3,5,8,8,13
2017,37,8,2,0,3,3,3,4,8,3,17
2017,38,4,2,0,5,4,4,3,6,8,11
2017,39,6,1,0,1,3,4,6,5,7,22
2017,40,3,0,0,2,5,7,4,6,8,20
2017,41,7,0,0,2,2,4,3,4,6,13
2017,42,6,0,0,2,4,7,4,8,4,13
2017,43,5,0,0,2,2,4,3,4,12,14
2017,44,9,0,1,2,4,4,7,9,10,11
2017,45,9,2,1,3,3,6,7,6,13,20
2017,46,8,1,1,0,1,5,3,2,8,10
2017,47,10,0,0,3,1,3,1,8,8,15
2017,48,7,0,0,0,3,2,4,8,11,13
2017,49,10,0,2,3,2,3,4,3,12,16
2017,50,12,0,1,1,4,2,2,5,9,16
2017,51,8,0,1,1,4,4,5,9,11,13
2017,52,7,0,0,1,5,5,4,9,5,18
2017,53,0,0,0,0,0,0,0,0,0,0
year,week,Y0T4,Y5T9,Y10T14,Y15T19,Y20T24,Y25T29,Y30T34,Y35T39,Y40T44,Y45T49
2018,1,6,0,1,1,2,8,3,11,9,14
2018,2,8,0,1,4,2,3,6,7,13,13
2018,3,5,1,1,1,3,5,9,10,6,12
2018,4,4,1,0,0,1,2,8,9,12,16
2018,5,5,0,1,1,2,4,0,5,7,12
2018,6,9,1,1,2,4,3,4,9,10,18
2018,7,8,1,0,2,1,3,9,7,7,14
2018,8,8,0,2,3,2,4,3,7,6,14
2018,9,7,0,3,1,3,2,2,8,13,17
2018,10,3,2,0,2,1,6,5,3,11,24
2018,11,8,0,2,2,5,2,2,5,3,19
2018,12,9,1,0,1,1,1,3,10,8,15
2018,13,8,1,1,2,4,2,1,5,8,19
2018,14,5,2,0,1,3,2,1,7,6,10
2018,15,9,1,2,2,0,3,5,1,6,20
2018,16,7,0,0,2,2,2,3,2,13,11
2018,17,3,1,3,2,1,2,4,4,8,14
2018,18,5,1,0,1,4,3,2,4,11,13
2018,19,9,1,1,2,2,1,5,6,6,13
2018,20,6,0,1,3,1,5,7,3,9,16
2018,21,6,1,1,1,3,7,3,5,7,11
2018,22,5,0,0,1,3,3,2,3,11,11
2018,23,5,1,1,1,6,4,3,4,8,20
2018,24,6,0,0,2,1,2,3,9,4,11
2018,25,9,0,0,3,5,0,1,6,10,16
2018,26,7,0,1,3,3,3,3,5,7,18
2018,27,7,3,1,0,7,4,4,4,11,13
2018,28,2,0,1,1,4,4,5,6,13,19
2018,29,5,0,2,2,4,4,4,8,9,15
2018,30,3,0,0,1,5,5,6,6,6,13
2018,31,6,1,1,3,2,4,4,6,9,20
2018,32,5,0,1,1,3,4,0,7,7,16
2018,33,3,0,0,2,2,5,3,5,13,15
2018,34,4,0,1,1,2,0,1,8,10,11
2018,35,6,0,0,1,4,3,5,4,8,21
2018,36,5,0,0,0,2,0,3,11,8,24
2018,37,5,2,0,4,3,3,3,4,9,15
2018,38,3,0,0,2,5,3,4,5,6,23
2018,39,7,1,0,3,3,1,5,4,6,20
2018,40,6,0,0,2,4,4,3,4,5,16
2018,41,14,0,1,0,4,4,6,5,9,10
2018,42,6,0,2,2,5,4,3,7,6,15
2018,43,4,0,2,1,1,6,3,4,4,11
2018,44,7,1,1,2,3,2,2,5,5,12
2018,45,9,0,0,5,0,2,1,7,8,7
2018,46,9,0,0,4,3,6,8,3,12,14
2018,47,8,0,1,4,3,4,3,10,11,10
2018,48,7,4,0,2,2,3,8,1,10,18
2018,49,12,1,1,3,2,5,6,7,17,12
2018,50,8,1,0,3,5,1,3,4,10,18
2018,51,6,0,2,0,1,1,5,4,6,22
2018,52,7,0,1,4,2,3,2,5,7,13
2018,53,0,0,0,0,0,0,0,0,0,0
year,week,Y0T4,Y5T9,Y10T14,Y15T19,Y20T24,Y25T29,Y30T34,Y35T39,Y40T44,Y45T49
2019,1,6,0,0,3,5,2,3,4,10,16
2019,2,7,1,0,1,6,9,4,5,8,19
2019,3,7,1,0,1,6,3,5,2,13,9
2019,4,7,2,1,0,0,3,2,5,8,13
2019,5,3,1,1,3,1,2,3,2,6,12
2019,6,6,1,1,0,3,3,2,4,6,17
2019,7,8,0,0,2,6,3,3,4,11,15
2019,8,6,3,0,1,2,4,3,3,7,13
2019,9,5,1,1,1,3,5,7,6,12,11
2019,10,4,0,1,1,4,5,8,6,4,18
2019,11,8,0,0,2,1,3,2,5,7,6
2019,12,8,3,0,1,3,1,3,5,5,15
2019,13,8,1,1,2,4,3,6,4,5,14
2019,14,5,2,1,2,3,3,5,2,3,17
2019,15,3,0,1,1,3,2,5,6,3,14
2019,16,6,0,2,0,1,4,2,6,11,11
2019,17,3,1,0,2,2,2,2,10,3,11
2019,18,2,0,2,0,2,1,5,6,6,10
2019,19,5,1,1,1,2,3,6,5,12,13
2019,20,5,0,0,2,2,2,6,8,8,13
2019,21,12,1,0,1,3,3,7,9,9,17
2019,22,3,0,0,0,4,3,2,10,11,16
2019,23,10,0,1,1,5,3,4,5,15,6
2019,24,4,0,1,1,2,5,5,2,10,15
2019,25,12,1,1,0,5,4,3,4,9,17
2019,26,9,1,0,1,2,3,2,3,6,13
2019,27,4,0,0,0,3,5,3,6,11,11
2019,28,6,0,0,1,1,6,2,3,9,17
2019,29,4,1,1,0,2,2,2,5,5,15
2019,30,10,0,0,2,2,3,2,4,6,14
2019,31,9,2,0,1,4,5,4,5,12,11
2019,32,7,0,1,3,5,9,5,7,5,14
2019,33,3,2,0,1,4,3,6,1,9,12
2019,34,12,1,1,3,1,3,3,8,9,15
2019,35,8,0,0,1,3,2,2,7,4,13
2019,36,3,0,0,1,2,1,6,5,7,8
2019,37,7,1,1,4,1,2,5,5,10,8
2019,38,6,1,1,3,4,3,0,7,12,16
2019,39,7,1,0,3,2,0,4,7,8,13
2019,40,6,0,0,1,5,1,3,7,4,11
2019,41,7,1,0,1,6,5,1,3,8,15
2019,42,4,0,1,2,3,3,5,6,5,14
2019,43,5,0,0,3,4,2,2,9,7,16
2019,44,3,0,0,2,2,3,3,4,10,10
2019,45,4,0,1,1,3,2,6,2,12,10
2019,46,3,1,0,0,4,3,7,4,7,12
2019,47,4,1,1,2,0,2,4,7,13,18
2019,48,3,0,0,1,1,1,5,4,9,12
2019,49,6,0,0,3,2,4,5,3,11,15
2019,50,6,3,0,1,2,1,3,5,8,11
2019,51,8,1,0,1,2,4,4,8,9,11
2019,52,10,0,2,2,3,3,3,10,5,7
2019,53,0,0,0,0,0,0,0,0,0,0
year,week,Y0T4,Y5T9,Y10T14,Y15T19,Y20T24,Y25T29,Y30T34,Y35T39,Y40T44,Y45T49
2020,1,4,1,1,4,2,3,0,7,10,12
2020,2,6,0,2,3,2,2,2,8,4,11
2020,3,10,4,3,2,0,3,8,6,7,13
2020,4,5,0,1,2,4,6,4,3,10,12
2020,5,6,0,1,2,2,3,1,9,7,13
2020,6,10,1,1,0,4,4,4,4,4,15
2020,7,8,1,2,0,4,2,2,10,8,14
2020,8,5,4,0,0,3,3,5,0,7,18
2020,9,4,0,0,1,2,6,2,4,8,13
2020,10,7,0,0,2,3,3,3,3,10,10
2020,11,8,0,0,2,0,5,3,7,12,14
2020,12,7,1,1,0,2,2,6,9,6,14
2020,13,6,1,0,2,5,2,4,6,8,14
2020,14,7,0,0,1,3,4,5,8,6,14
2020,15,4,0,1,4,3,4,6,9,6,20
2020,16,7,1,0,3,6,4,1,9,5,17
2020,17,8,1,0,2,2,5,4,7,9,19
2020,18,5,0,0,4,5,2,2,9,4,3
2020,19,5,0,0,1,4,1,3,13,5,13
2020,20,9,1,0,1,3,5,5,4,7,15
2020,21,7,0,0,0,9,1,3,7,8,14
2020,22,5,0,1,1,1,7,1,5,10,10
2020,23,7,1,0,0,1,3,6,8,14,8
2020,24,8,0,2,0,5,3,5,5,5,15
2020,25,7,0,0,0,5,7,1,6,10,23
2020,26,6,1,0,2,3,1,2,7,8,14
2020,27,5,3,1,0,2,5,4,7,6,14
2020,28,7,0,0,1,1,1,2,3,4,11
2020,29,6,0,0,0,3,2,2,6,8,15
2020,30,13,1,0,2,1,3,4,7,5,10
2020,31,3,0,1,3,2,6,5,5,6,16
2020,32,7,0,0,4,3,4,8,7,6,16
2020,33,2,0,0,3,6,6,3,3,6,17
2020,34,5,0,1,3,2,3,4,9,6,14
2020,35,6,0,0,1,3,2,2,3,9,9
2020,36,11,1,3,2,3,3,10,8,5,12
2020,37,5,1,2,3,4,2,6,3,7,8
2020,38,8,0,0,2,2,5,4,7,7,11
2020,39,12,0,1,3,5,3,3,7,11,6
2020,40,10,0,0,0,2,5,6,5,11,16
2020,41,6,0,1,1,8,1,2,5,9,24
2020,42,3,1,1,2,1,2,4,5,10,10
2020,43,14,0,0,3,2,3,5,6,7,15
2020,44,11,1,1,2,2,1,5,3,10,19
2020,45,9,3,2,0,1,3,3,5,7,25
2020,46,6,0,0,2,2,3,3,6,6,16
2020,47,6,0,3,3,7,0,1,4,6,13
2020,48,4,0,1,2,2,3,4,5,8,14
2020,49,4,0,2,4,3,3,4,6,9,8
2020,50,6,0,0,0,4,2,9,8,8,17
2020,51,3,0,0,0,3,2,6,6,15,16
2020,52,10,0,1,2,2,4,3,5,3,12
2020,53,5,0,0,3,4,6,4,5,8,14
year,week,Y0T4,Y5T9,Y10T14,Y15T19,Y20T24,Y25T29,Y30T34,Y35T39,Y40T44,Y45T49
2021,1,6,0,0,2,1,2,5,5,2,9
2021,2,8,3,1,3,2,3,7,7,5,13
2021,3,4,0,0,2,2,2,4,5,10,11
2021,4,6,0,0,0,2,1,4,3,6,16
2021,5,8,1,0,5,2,5,3,6,10,15
2021,6,4,2,0,4,4,3,4,1,11,12
2021,7,1,1,1,1,1,1,3,5,7,6
2021,8,4,1,2,1,4,6,3,2,11,16
2021,9,9,2,1,0,2,4,4,6,2,8
2021,10,3,0,1,1,0,1,2,2,8,13
2021,11,8,1,0,2,1,5,4,6,5,10
2021,12,6,1,1,1,4,3,4,6,7,12
2021,13,8,0,0,2,3,6,5,6,8,11
2021,14,8,0,0,3,3,0,3,5,6,14
2021,15,8,1,0,1,2,3,4,3,9,16
2021,16,3,1,0,1,3,5,7,3,5,10
2021,17,2,0,0,4,3,2,5,2,7,8
2021,18,11,0,1,1,4,9,6,6,8,13
2021,19,8,0,0,2,1,2,7,2,9,17
2021,20,6,3,0,0,2,3,2,2,12,12
2021,21,5,1,4,2,2,4,6,3,6,15
2021,22,6,0,0,1,0,3,2,7,6,9
2021,23,6,1,0,4,4,3,3,1,10,10
2021,24,2,0,1,0,2,7,3,5,4,6
2021,25,7,0,0,1,2,8,1,9,12,10
2021,26,5,0,1,0,3,4,8,5,6,8
2021,27,5,0,1,0,2,3,2,7,8,17
2021,28,6,0,1,1,1,3,5,6,4,8
2021,29,9,0,0,2,4,1,2,5,9,14
2021,30,3,1,2,1,2,0,1,5,5,12
2021,31,1,0,0,1,0,5,3,6,12,14
2021,32,2,0,1,2,4,7,5,6,6,12
2021,33,2,0,0,0,0,2,4,0,4,8
2021,34,0,0,0,0,0,0,0,0,0,0
2021,35,0,0,0,0,0,0,0,0,0,0
2021,36,0,0,0,0,0,0,0,0,0,0
2021,37,0,0,0,0,0,0,0,0,0,0
2021,38,0,0,0,0,0,0,0,0,0,0
2021,39,0,0,0,0,0,0,0,0,0,0
2021,40,0,0,0,0,0,0,0,0,0,0
2021,41,0,0,0,0,0,0,0,0,0,0
2021,42,0,0,0,0,0,0,0,0,0,0
2021,43,0,0,0,0,0,0,0,0,0,0
2021,44,0,0,0,0,0,0,0,0,0,0
2021,45,0,0,0,0,0,0,0,0,0,0
2021,46,0,0,0,0,0,0,0,0,0,0
2021,47,0,0,0,0,0,0,0,0,0,0
2021,48,0,0,0,0,0,0,0,0,0,0
2021,49,0,0,0,0,0,0,0,0,0,0
2021,50,0,0,0,0,0,0,0,0,0,0
2021,51,0,0,0,0,0,0,0,0,0,0
2021,52,0,0,0,0,0,0,0,0,0,0
2021,53,0,0,0,0,0,0,0,0,0,0
year,week,Y0T4,Y5T9,Y10T14,Y15T19,Y20T24,Y25T29,Y30T34,Y35T39,Y40T44,Y45T49
2015,1,7,1,0,1,1,4,6,9,7,15
2015,2,5,1,2,2,4,4,6,3,12,19
2015,3,9,0,0,2,1,2,6,5,5,15
2015,4,5,0,2,0,5,4,3,3,8,17
2015,5,6,1,2,3,5,5,7,7,9,13
2015,6,7,0,0,1,5,2,2,6,10,25
2015,7,7,0,1,0,1,10,4,4,13,21
2015,8,4,0,4,2,5,5,6,9,8,19
2015,9,10,1,1,1,1,1,6,1,5,16
2015,10,10,1,0,0,1,2,2,1,9,20
2015,11,4,0,0,2,2,1,5,10,6,12
2015,12,8,0,2,4,4,4,2,6,6,19
2015,13,2,1,0,1,1,1,8,6,8,15
2015,14,10,0,1,2,3,3,5,4,12,17
2015,15,4,0,0,0,4,4,4,8,10,12
2015,16,8,0,0,1,3,1,5,7,6,18
2015,17,10,1,0,1,2,3,2,3,5,19
2015,18,9,1,0,2,6,4,4,6,11,14
2015,19,4,0,0,1,3,0,5,6,13,21
2015,20,9,0,2,5,6,3,1,7,16,12
2015,21,5,1,1,2,1,3,3,6,10,12
2015,22,6,0,1,3,2,4,1,7,6,18
2015,23,8,0,0,1,4,0,4,10,13,16
2015,24,11,1,1,2,4,2,3,5,4,20
2015,25,3,0,1,3,4,2,5,5,14,13
2015,26,9,2,1,6,0,0,2,4,11,15
2015,27,3,1,0,0,3,5,5,5,8,15
2015,28,4,2,0,3,3,4,2,5,11,21
2015,29,10,2,0,3,3,8,7,7,6,14
2015,30,5,1,0,1,1,6,1,7,5,17
2015,31,6,0,0,0,1,6,6,6,7,18
2015,32,11,1,3,0,1,5,5,10,8,20
2015,33,7,0,0,5,5,5,3,5,9,15
2015,34,5,2,1,2,2,3,3,5,11,22
2015,35,7,0,0,0,5,4,5,9,9,23
2015,36,5,1,1,0,5,1,7,7,7,12
2015,37,10,0,0,1,4,7,4,5,13,17
2015,38,7,0,0,2,1,6,5,4,13,11
2015,39,7,1,2,3,6,3,4,3,3,9
2015,40,10,1,0,6,1,2,3,10,10,25
2015,41,5,0,0,1,5,5,6,6,7,11
2015,42,9,1,0,2,2,2,2,1,9,17
2015,43,6,1,1,1,5,1,5,4,8,17
2015,44,12,0,2,1,4,3,4,3,7,21
2015,45,5,1,1,1,2,2,7,4,10,19
2015,46,8,0,0,0,3,3,6,8,10,14
2015,47,17,0,0,3,3,3,5,6,10,22
2015,48,10,0,0,1,2,5,1,2,8,17
2015,49,9,1,1,2,2,3,7,9,7,12
2015,50,9,1,0,4,5,6,2,3,7,24
2015,51,6,0,1,3,4,7,4,6,5,16
2015,52,10,1,1,1,2,0,5,3,7,24
2015,53,8,1,0,1,2,1,5,4,5,14
year,week,Y0T4,Y5T9,Y10T14,Y15T19,Y20T24,Y25T29,Y30T34,Y35T39,Y40T44,Y45T49
2016,1,2,0,0,1,3,4,6,2,7,14
2016,2,6,0,1,0,4,0,4,6,6,18
2016,3,5,1,0,0,2,4,5,11,13,13
2016,4,12,0,1,2,4,2,5,4,13,18
2016,5,8,0,2,1,5,3,3,5,9,18
2016,6,3,0,0,0,3,6,6,8,11,12
2016,7,9,1,1,2,3,3,5,9,10,18
2016,8,4,2,3,3,2,4,2,7,11,12
2016,9,1,2,0,1,1,2,5,7,6,19
2016,10,7,1,0,0,4,0,4,6,6,18
2016,11,7,0,0,3,4,4,5,8,5,13
2016,12,6,0,1,4,2,4,1,5,12,19
2016,13,5,1,0,1,3,6,2,5,10,12
2016,14,4,0,0,2,3,6,2,7,7,13
2016,15,7,1,1,2,1,5,4,11,9,13
2016,16,7,0,0,1,1,4,11,5,7,15
2016,17,5,1,1,1,1,4,4,3,7,15
2016,18,5,1,1,1,5,9,3,6,6,14
2016,19,2,0,0,1,3,4,3,2,9,14
2016,20,12,1,2,0,0,4,6,7,7,15
2016,21,5,0,1,2,0,3,3,5,5,13
2016,22,8,0,1,1,2,0,1,10,8,12
2016,23,4,1,0,1,5,3,4,4,5,19
2016,24,9,1,1,1,3,2,2,6,6,18
2016,25,7,0,0,2,2,3,3,2,8,19
2016,26,14,0,1,0,3,2,5,3,15,18
2016,27,8,0,0,3,4,6,4,0,6,16
2016,28,12,1,0,2,1,11,4,7,11,10
2016,29,6,1,1,0,1,4,8,5,6,14
2016,30,7,0,0,3,3,3,8,5,9,18
2016,31,5,0,0,2,1,9,4,5,7,23
2016,32,7,0,2,4,3,4,6,3,5,20
2016,33,8,2,0,5,2,4,4,4,6,9
2016,34,4,0,0,0,2,0,2,5,11,12
2016,35,3,0,0,2,4,10,4,6,14,15
2016,36,9,0,0,2,3,4,2,5,8,16
2016,37,5,1,1,0,2,5,6,5,8,18
2016,38,10,0,1,2,3,2,0,9,14,13
2016,39,5,0,1,2,3,4,3,5,5,10
2016,40,11,0,3,3,3,2,4,8,7,9
2016,41,9,0,0,2,1,3,1,10,9,16
2016,42,11,0,1,1,3,4,2,5,6,15
2016,43,4,1,0,0,1,4,5,2,6,18
2016,44,5,0,1,0,4,5,3,7,11,19
2016,45,5,0,0,1,4,1,7,7,5,20
2016,46,4,0,1,0,1,2,4,1,10,14
2016,47,3,0,0,1,3,3,3,6,11,12
2016,48,6,1,0,0,3,3,3,8,8,16
2016,49,7,0,1,3,2,6,9,3,7,19
2016,50,5,0,0,0,3,2,2,4,12,13
2016,51,13,1,1,2,5,3,5,5,11,12
2016,52,2,2,1,2,0,9,1,7,8,18
2016,53,0,0,0,0,0,0,0,0,0,0
year,week,Y0T4,Y5T9,Y10T14,Y15T19,Y20T24,Y25T29,Y30T34,Y35T39,Y40T44,Y45T49
2017,1,8,0,0,2,5,5,7,3,4,16
2017,2,4,1,0,2,3,5,3,7,6,16
2017,3,9,0,0,0,1,3,3,7,4,11
2017,4,2,0,1,1,0,4,8,8,6,17
2017,5,8,2,0,0,1,5,5,0,11,14
2017,6,8,1,0,0,1,1,5,6,6,12
2017,7,6,0,1,2,4,2,7,7,9,11
2017,8,9,1,0,2,2,3,4,8,10,20
2017,9,3,0,0,0,0,4,3,2,5,12
2017,10,9,1,0,3,2,2,2,8,7,16
2017,11,4,1,1,1,3,2,4,7,9,13
2017,12,2,0,1,2,3,0,7,3,5,19
2017,13,6,0,1,3,1,2,3,7,7,16
2017,14,11,2,1,1,2,3,4,4,7,19
2017,15,5,1,0,1,3,2,4,3,9,13
2017,16,4,1,1,0,2,3,3,8,9,12
2017,17,7,0,1,3,4,3,2,3,2,10
2017,18,5,1,1,0,2,5,6,6,7,15
2017,19,4,1,2,0,0,2,0,7,14,13
2017,20,6,0,0,3,7,0,2,5,7,13
2017,21,5,1,1,2,4,7,6,5,10,13
2017,22,12,1,0,2,4,3,2,6,5,15
2017,23,6,1,0,0,3,5,3,6,3,25
2017,24,8,0,0,1,1,3,3,7,7,14
2017,25,8,0,0,1,2,2,7,10,10,9
2017,26,8,0,0,0,1,4,2,8,10,19
2017,27,5,0,2,1,1,4,3,6,8,12
2017,28,5,1,0,2,3,9,2,3,10,19
2017,29,11,1,0,0,4,3,11,4,11,14
2017,30,8,0,2,2,3,1,4,9,13,17
2017,31,7,0,2,5,2,3,6,4,3,15
2017,32,4,0,0,2,5,4,3,6,10,14
2017,33,5,0,0,1,2,3,5,5,9,26
2017,34,10,0,1,0,4,5,9,10,15,21
2017,35,6,0,2,4,2,2,9,6,11,19
2017,36,4,1,1,2,1,3,5,8,8,13
2017,37,8,2,0,3,3,3,4,8,3,17
2017,38,4,2,0,5,4,4,3,6,8,11
2017,39,6,1,0,1,3,4,6,5,7,22
2017,40,3,0,0,2,5,7,4,6,8,20
2017,41,7,0,0,2,2,4,3,4,6,13
2017,42,6,0,0,2,4,7,4,8,4,13
2017,43,5,0,0,2,2,4,3,4,12,14
2017,44,9,0,1,2,4,4,7,9,10,11
2017,45,9,2,1,3,3,6,7,6,13,20
2017,46,8,1,1,0,1,5,3,2,8,10
2017,47,10,0,0,3,1,3,1,8,8,15
2017,48,7,0,0,0,3,2,4,8,11,13
2017,49,10,0,2,3,2,3,4,3,12,16
2017,50,12,0,1,1,4,2,2,5,9,16
2017,51,8,0,1,1,4,4,5,9,11,13
2017,52,7,0,0,1,5,5,4,9,5,18
2017,53,0,0,0,0,0,0,0,0,0,0
year,week,Y0T4,Y5T9,Y10T14,Y15T19,Y20T24,Y25T29,Y30T34,Y35T39,Y40T44,Y45T49
2018,1,6,0,1,1,2,8,3,11,9,14
2018,2,8,0,1,4,2,3,6,7,13,13
2018,3,5,1,1,1,3,5,9,10,6,12
2018,4,4,1,0,0,1,2,8,9,12,16
2018,5,5,0,1,1,2,4,0,5,7,12
2018,6,9,1,1,2,4,3,4,9,10,18
2018,7,8,1,0,2,1,3,9,7,7,14
2018,8,8,0,2,3,2,4,3,7,6,14
2018,9,7,0,3,1,3,2,2,8,13,17
2018,10,3,2,0,2,1,6,5,3,11,24
2018,11,8,0,2,2,5,2,2,5,3,19
2018,12,9,1,0,1,1,1,3,10,8,15
2018,13,8,1,1,2,4,2,1,5,8,19
2018,14,5,2,0,1,3,2,1,7,6,10
2018,15,9,1,2,2,0,3,5,1,6,20
2018,16,7,0,0,2,2,2,3,2,13,11
2018,17,3,1,3,2,1,2,4,4,8,14
2018,18,5,1,0,1,4,3,2,4,11,13
2018,19,9,1,1,2,2,1,5,6,6,13
2018,20,6,0,1,3,1,5,7,3,9,16
2018,21,6,1,1,1,3,7,3,5,7,11
2018,22,5,0,0,1,3,3,2,3,11,11
2018,23,5,1,1,1,6,4,3,4,8,20
2018,24,6,0,0,2,1,2,3,9,4,11
2018,25,9,0,0,3,5,0,1,6,10,16
2018,26,7,0,1,3,3,3,3,5,7,18
2018,27,7,3,1,0,7,4,4,4,11,13
2018,28,2,0,1,1,4,4,5,6,13,19
2018,29,5,0,2,2,4,4,4,8,9,15
2018,30,3,0,0,1,5,5,6,6,6,13
2018,31,6,1,1,3,2,4,4,6,9,20
2018,32,5,0,1,1,3,4,0,7,7,16
2018,33,3,0,0,2,2,5,3,5,13,15
2018,34,4,0,1,1,2,0,1,8,10,11
2018,35,6,0,0,1,4,3,5,4,8,21
2018,36,5,0,0,0,2,0,3,11,8,24
2018,37,5,2,0,4,3,3,3,4,9,15
2018,38,3,0,0,2,5,3,4,5,6,23
2018,39,7,1,0,3,3,1,5,4,6,20
2018,40,6,0,0,2,4,4,3,4,5,16
2018,41,14,0,1,0,4,4,6,5,9,10
2018,42,6,0,2,2,5,4,3,7,6,15
2018,43,4,0,2,1,1,6,3,4,4,11
2018,44,7,1,1,2,3,2,2,5,5,12
2018,45,9,0,0,5,0,2,1,7,8,7
2018,46,9,0,0,4,3,6,8,3,12,14
2018,47,8,0,1,4,3,4,3,10,11,10
2018,48,7,4,0,2,2,3,8,1,10,18
2018,49,12,1,1,3,2,5,6,7,17,12
2018,50,8,1,0,3,5,1,3,4,10,18
2018,51,6,0,2,0,1,1,5,4,6,22
2018,52,7,0,1,4,2,3,2,5,7,13
2018,53,0,0,0,0,0,0,0,0,0,0
year,week,Y0T4,Y5T9,Y10T14,Y15T19,Y20T24,Y25T29,Y30T34,Y35T39,Y40T44,Y45T49
2019,1,6,0,0,3,5,2,3,4,10,16
2019,2,7,1,0,1,6,9,4,5,8,19
2019,3,7,1,0,1,6,3,5,2,13,9
2019,4,7,2,1,0,0,3,2,5,8,13
2019,5,3,1,1,3,1,2,3,2,6,12
2019,6,6,1,1,0,3,3,2,4,6,17
2019,7,8,0,0,2,6,3,3,4,11,15
2019,8,6,3,0,1,2,4,3,3,7,13
2019,9,5,1,1,1,3,5,7,6,12,11
2019,10,4,0,1,1,4,5,8,6,4,18
2019,11,8,0,0,2,1,3,2,5,7,6
2019,12,8,3,0,1,3,1,3,5,5,15
2019,13,8,1,1,2,4,3,6,4,5,14
2019,14,5,2,1,2,3,3,5,2,3,17
2019,15,3,0,1,1,3,2,5,6,3,14
2019,16,6,0,2,0,1,4,2,6,11,11
2019,17,3,1,0,2,2,2,2,10,3,11
2019,18,2,0,2,0,2,1,5,6,6,10
2019,19,5,1,1,1,2,3,6,5,12,13
2019,20,5,0,0,2,2,2,6,8,8,13
2019,21,12,1,0,1,3,3,7,9,9,17
2019,22,3,0,0,0,4,3,2,10,11,16
2019,23,10,0,1,1,5,3,4,5,15,6
2019,24,4,0,1,1,2,5,5,2,10,15
2019,25,12,1,1,0,5,4,3,4,9,17
2019,26,9,1,0,1,2,3,2,3,6,13
2019,27,4,0,0,0,3,5,3,6,11,11
2019,28,6,0,0,1,1,6,2,3,9,17
2019,29,4,1,1,0,2,2,2,5,5,15
2019,30,10,0,0,2,2,3,2,4,6,14
2019,31,9,2,0,1,4,5,4,5,12,11
2019,32,7,0,1,3,5,9,5,7,5,14
2019,33,3,2,0,1,4,3,6,1,9,12
2019,34,12,1,1,3,1,3,3,8,9,15
2019,35,8,0,0,1,3,2,2,7,4,13
2019,36,3,0,0,1,2,1,6,5,7,8
2019,37,7,1,1,4,1,2,5,5,10,8
2019,38,6,1,1,3,4,3,0,7,12,16
2019,39,7,1,0,3,2,0,4,7,8,13
2019,40,6,0,0,1,5,1,3,7,4,11
2019,41,7,1,0,1,6,5,1,3,8,15
2019,42,4,0,1,2,3,3,5,6,5,14
2019,43,5,0,0,3,4,2,2,9,7,16
2019,44,3,0,0,2,2,3,3,4,10,10
2019,45,4,0,1,1,3,2,6,2,12,10
2019,46,3,1,0,0,4,3,7,4,7,12
2019,47,4,1,1,2,0,2,4,7,13,18
2019,48,3,0,0,1,1,1,5,4,9,12
2019,49,6,0,0,3,2,4,5,3,11,15
2019,50,6,3,0,1,2,1,3,5,8,11
2019,51,8,1,0,1,2,4,4,8,9,11
2019,52,10,0,2,2,3,3,3,10,5,7
2019,53,0,0,0,0,0,0,0,0,0,0
year,week,Y0T4,Y5T9,Y10T14,Y15T19,Y20T24,Y25T29,Y30T34,Y35T39,Y40T44,Y45T49
2020,1,4,1,1,4,2,3,0,7,10,12
2020,2,6,0,2,3,2,2,2,8,4,11
2020,3,10,4,3,2,0,3,8,6,7,13
2020,4,5,0,1,2,4,6,4,3,10,12
2020,5,6,0,1,2,2,3,1,9,7,13
2020,6,10,1,1,0,4,4,4,4,4,15
2020,7,8,1,2,0,4,2,2,10,8,14
2020,8,5,4,0,0,3,3,5,0,7,18
2020,9,4,0,0,1,2,6,2,4,8,13
2020,10,7,0,0,2,3,3,3,3,10,10
2020,11,8,0,0,2,0,5,3,7,12,14
2020,12,7,1,1,0,2,2,6,9,6,14
2020,13,6,1,0,2,5,2,4,6,8,14
2020,14,7,0,0,1,3,4,5,8,6,14
2020,15,4,0,1,4,3,4,6,9,6,20
2020,16,7,1,0,3,6,4,1,9,5,17
2020,17,8,1,0,2,2,5,4,7,9,19
2020,18,5,0,0,4,5,2,2,9,4,3
2020,19,5,0,0,1,4,1,3,13,5,13
2020,20,9,1,0,1,3,5,5,4,7,15
2020,21,7,0,0,0,9,1,3,7,8,14
2020,22,5,0,1,1,1,7,1,5,10,10
2020,23,7,1,0,0,1,3,6,8,14,8
2020,24,8,0,2,0,5,3,5,5,5,15
2020,25,7,0,0,0,5,7,1,6,10,23
2020,26,6,1,0,2,3,1,2,7,8,14
2020,27,5,3,1,0,2,5,4,7,6,14
2020,28,7,0,0,1,1,1,2,3,4,11
2020,29,6,0,0,0,3,2,2,6,8,15
2020,30,13,1,0,2,1,3,4,7,5,10
2020,31,3,0,1,3,2,6,5,5,6,16
2020,32,7,0,0,4,3,4,8,7,6,16
2020,33,2,0,0,3,6,6,3,3,6,17
2020,34,5,0,1,3,2,3,4,9,6,14
2020,35,6,0,0,1,3,2,2,3,9,9
2020,36,11,1,3,2,3,3,10,8,5,12
2020,37,5,1,2,3,4,2,6,3,7,8
2020,38,8,0,0,2,2,5,4,7,7,11
2020,39,12,0,1,3,5,3,3,7,11,6
2020,40,10,0,0,0,2,5,6,5,11,16
2020,41,6,0,1,1,8,1,2,5,9,24
2020,42,3,1,1,2,1,2,4,5,10,10
2020,43,14,0,0,3,2,3,5,6,7,15
2020,44,11,1,1,2,2,1,5,3,10,19
2020,45,9,3,2,0,1,3,3,5,7,25
2020,46,6,0,0,2,2,3,3,6,6,16
2020,47,6,0,3,3,7,0,1,4,6,13
2020,48,4,0,1,2,2,3,4,5,8,14
2020,49,4,0,2,4,3,3,4,6,9,8
2020,50,6,0,0,0,4,2,9,8,8,17
2020,51,3,0,0,0,3,2,6,6,15,16
2020,52,10,0,1,2,2,4,3,5,3,12
2020,53,5,0,0,3,4,6,4,5,8,14
year,week,Y0T4,Y5T9,Y10T14,Y15T19,Y20T24,Y25T29,Y30T34,Y35T39,Y40T44,Y45T49
2021,1,6,0,0,2,1,2,5,5,2,9
2021,2,8,3,1,3,2,3,7,7,5,13
2021,3,4,0,0,2,2,2,4,5,10,11
2021,4,6,0,0,0,2,1,4,3,6,16
2021,5,8,1,0,5,2,5,3,6,10,15
2021,6,4,2,0,4,4,3,4,1,11,12
2021,7,1,1,1,1,1,1,3,5,7,6
2021,8,4,1,2,1,4,6,3,2,11,16
2021,9,9,2,1,0,2,4,4,6,2,8
2021,10,3,0,1,1,0,1,2,2,8,13
2021,11,8,1,0,2,1,5,4,6,5,10
2021,12,6,1,1,1,4,4,4,6,7,12
2021,13,8,0,0,2,3,6,5,6,8,11
2021,14,8,0,0,3,3,1,3,5,6,14
2021,15,8,1,0,1,2,3,4,3,9,16
2021,16,3,1,0,1,3,5,7,3,5,10
2021,17,2,0,0,4,3,2,5,2,7,8
2021,18,11,0,1,1,4,9,6,6,8,13
2021,19,8,0,0,2,1,2,7,2,9,17
2021,20,6,3,0,0,2,4,2,2,12,12
2021,21,5,1,4,2,2,4,6,3,6,15
2021,22,6,0,0,1,0,3,2,7,6,9
2021,23,6,1,0,4,4,3,3,1,10,10
2021,24,2,0,1,0,2,7,3,5,4,6
2021,25,7,0,0,1,2,8,1,9,12,10
2021,26,5,0,1,0,3,4,8,5,6,8
2021,27,5,0,1,0,2,3,3,7,8,17
2021,28,6,0,1,1,1,3,5,6,4,9
2021,29,9,0,0,2,4,1,3,5,9,14
2021,30,3,1,2,1,2,0,1,5,5,12
2021,31,1,0,0,1,0,5,3,6,12,14
2021,32,2,0,1,2,4,7,5,6,6,12
2021,33,2,0,0,0,1,2,5,1,4,10
2021,34,4,1,1,0,2,3,3,5,7,10
2021,35,0,0,0,0,0,0,0,0,0,0
2021,36,0,0,0,0,0,0,0,0,0,0
2021,37,0,0,0,0,0,0,0,0,0,0
2021,38,0,0,0,0,0,0,0,0,0,0
2021,39,0,0,0,0,0,0,0,0,0,0
2021,40,0,0,0,0,0,0,0,0,0,0
2021,41,0,0,0,0,0,0,0,0,0,0
2021,42,0,0,0,0,0,0,0,0,0,0
2021,43,0,0,0,0,0,0,0,0,0,0
2021,44,0,0,0,0,0,0,0,0,0,0
2021,45,0,0,0,0,0,0,0,0,0,0
2021,46,0,0,0,0,0,0,0,0,0,0
2021,47,0,0,0,0,0,0,0,0,0,0
2021,48,0,0,0,0,0,0,0,0,0,0
2021,49,0,0,0,0,0,0,0,0,0,0
2021,50,0,0,0,0,0,0,0,0,0,0
2021,51,0,0,0,0,0,0,0,0,0,0
2021,52,0,0,0,0,0,0,0,0,0,0
2021,53,0,0,0,0,0,0,0,0,0,0
